Tags,Ticket,Open Date,Close Date,Symbol,Action,Units/Lots,SL,TP,Open Price,Close Price,Commission,Swap,Pips,Profit,Gain,Comment,Magic Number,Duration (DD:HH:MM:SS),Profitable(%),Profitable(time duration),Drawdown,Risk:Reward,Max(pips),Max(USC),Min(pips),Min(USC),Entry Accuracy(%),Exit Accuracy(%),ProfitMissed(pips),ProfitMissed(USC)
,184604272,08/05/2026 15:12,08/05/2026 18:18,XAUUSD,Buy,0.010,0.00000,0.00000,4705.72000,4704.51000,0.0000,0.0000,-121.0,-1.21,-39.16,"[so 19.98%/1.88/9.41]",0,00:03:06:27,92.4,2h 52m,4309.0,0.03,4188.0,41.88,-121.0,-1.21,97.2,0.0,-4309.00,-43.09
,184509831,08/05/2026 09:33,08/05/2026 18:14,XAUUSD,Buy,0.010,0.00000,0.00000,4730.21000,4706.10000,0.0000,0.0000,-2411.0,-24.11,-88.64,"[so 18.32%/5.19/28.33]",0,00:08:41:01,8.9,46m,4155.0,1.45,1739.0,17.39,-2528.0,-25.28,40.8,2.7,-4150.00,-41.50
,184509829,08/05/2026 09:33,08/05/2026 18:14,XAUUSD,Buy,0.010,0.00000,0.00000,4730.02000,4706.30000,0.0000,0.0000,-2372.0,-23.72,-46.58,"[so 19.45%/3.67/18.87]",0,00:08:41:02,8.9,46m,4155.0,1.43,1758.0,17.580000000000002,-2509.0,-25.09,41.2,3.2,-4130.00,-41.30
,184678986,08/05/2026 17:04,08/05/2026 18:14,XAUUSD,Buy,0.010,0.00000,0.00000,4742.40000,4707.50000,0.0000,0.0000,-3490.0,-34.90,-40.67,"[so 19.75%/7.47/37.82]",0,00:01:09:51,0.0,0s,3635.0,5000.00,0.0,0.0,-3635.0,-36.35,0.0,4.0,-3490.00,-34.90
,184460740,08/05/2026 05:56,08/05/2026 09:33,XAUUSD,Sell,0.010,0.00000,0.00000,4715.63000,4730.03000,0.0000,0.0000,-1440.0,-14.40,-14.37,"",0,00:03:36:51,33.4,1h 12m,2325.0,1.99,885.0,8.85,-1757.0,-17.57,33.5,12.0,-2325.00,-23.25
,184450993,08/05/2026 05:20,08/05/2026 05:36,XAUUSD,Sell,0.010,0.00000,0.00000,4721.40000,4710.53000,0.0000,0.0000,1087.0,10.87,12.17,"",0,00:00:16:24,,,,,,,,,,,,
,184438070,08/05/2026 04:48,08/05/2026 05:16,XAUUSD,Buy,0.010,4720.48000,0.00000,4717.68000,4720.48000,0.0000,0.0000,280.0,2.80,3.24,"[sl 4720.48]",0,00:00:27:47,,,,,,,,,,,,
,184383507,08/05/2026 02:21,08/05/2026 03:37,XAUUSD,Buy,0.010,0.00000,0.00000,4696.59000,4703.24000,0.0000,0.0000,665.0,6.65,8.32,"",0,00:01:16:00,100.0,1h 16m,1083.0,0.00,1748.0,17.48,0.0,0.0,100.0,38.0,-1083.00,-10.83
,184229901,07/05/2026 18:04,07/05/2026 21:21,XAUUSD,Sell,0.010,0.00000,0.00000,4758.66000,4710.29000,0.0000,0.0000,4837.0,48.37,153.41,"",0,00:03:16:56,100.0,3h 16m,1367.0,0.00,5937.0,59.370000000000005,0.0,0.0,100.0,81.5,-1100.00,-11.00
,184229111,07/05/2026 18:02,07/05/2026 18:04,XAUUSD,Buy,0.010,0.00000,0.00000,4759.78000,4758.48000,0.0000,0.0000,-130.0,-1.30,-3.96,"",0,00:00:01:42,,,,,,,,,,,,
,184190483,07/05/2026 16:55,07/05/2026 18:02,XAUUSD,Buy,0.010,0.00000,0.00000,4746.35000,4760.42000,0.0000,0.0000,1407.0,14.07,75.00,"",0,00:01:06:51,20.0,13m,3141.0,2.23,1407.0,14.07,-3141.0,-31.41,30.9,100.0,0.00,0.00
,184171792,07/05/2026 16:33,07/05/2026 16:51,XAUUSD,Buy,0.100,0.00000,0.00000,4752.92000,4739.34000,0.0000,0.0000,-1358.0,-135.80,-87.86,"[so 19.73%/18.76/95.06]",0,00:00:18:31,,,,,,,,,,,,
,184171448,07/05/2026 16:33,07/05/2026 16:47,XAUUSD,Buy,0.100,0.00000,0.00000,4753.54000,4741.18000,0.0000,0.0000,-1236.0,-123.60,-44.43,"[so 19.54%/37.16/190.13]",0,00:00:14:26,,,,,,,,,,,,
,184171190,07/05/2026 16:33,07/05/2026 16:47,XAUUSD,Buy,0.100,0.00000,0.00000,4754.28000,4741.29000,0.0000,0.0000,-1299.0,-129.90,-31.83,"[so 13.80%/39.36/285.21]",0,00:00:14:37,,,,,,,,,,,,
,184171964,07/05/2026 16:33,07/05/2026 16:46,XAUUSD,Buy,0.100,0.00000,0.00000,4755.33000,4742.48000,0.0000,0.0000,-1285.0,-128.50,-23.95,"[so 19.74%/75.06/380.32]",0,00:00:12:26,,,,,,,,,,,,
,184172016,07/05/2026 16:33,07/05/2026 16:45,XAUUSD,Buy,0.100,0.00000,0.00000,4755.34000,4742.77000,0.0000,0.0000,-1257.0,-125.70,-18.98,"[so 18.23%/86.66/475.43]",0,00:00:12:23,,,,,,,,,,,,
,184171074,07/05/2026 16:32,07/05/2026 16:45,XAUUSD,Buy,0.100,0.00000,0.00000,4755.49000,4742.96000,0.0000,0.0000,-1253.0,-125.30,-15.91,"[so 16.85%/96.16/570.54]",0,00:00:13:01,,,,,,,,,,,,
,184171126,07/05/2026 16:32,07/05/2026 16:45,XAUUSD,Buy,0.100,0.00000,0.00000,4755.56000,4742.96000,0.0000,0.0000,-1260.0,-126.00,-13.79,"[so 19.70%/131.16/665.65]",0,00:00:12:59,,,,,,,,,,,,
,184169652,07/05/2026 16:32,07/05/2026 16:33,XAUUSD,Sell,0.100,0.00000,0.00000,4748.49000,4754.09000,0.0000,0.0000,-560.0,-56.00,-5.78,"",0,00:00:01:00,,,,,,,,,,,,
,184160051,07/05/2026 16:15,07/05/2026 16:33,XAUUSD,Sell,0.100,0.00000,0.00000,4733.68000,4754.05000,0.0000,0.0000,-2037.0,-203.70,-17.36,"",0,00:00:17:33,,,,,,,,,,,,
,184160030,07/05/2026 16:15,07/05/2026 16:33,XAUUSD,Sell,0.100,0.00000,0.00000,4733.70000,4753.87000,0.0000,0.0000,-2017.0,-201.70,-14.67,"",0,00:00:17:33,,,,,,,,,,,,
,184160013,07/05/2026 16:15,07/05/2026 16:33,XAUUSD,Sell,0.100,0.00000,0.00000,4733.71000,4753.73000,0.0000,0.0000,-2002.0,-200.20,-12.71,"",0,00:00:17:34,,,,,,,,,,,,
,184160007,07/05/2026 16:15,07/05/2026 16:32,XAUUSD,Sell,0.100,4754.31000,0.00000,4733.77000,4754.75000,0.0000,0.0000,-2098.0,-209.80,-11.75,"[sl 4754.31]",0,00:00:17:28,,,,,,,,,,,,
,184143194,07/05/2026 15:45,07/05/2026 16:15,XAUUSD,Buy,0.100,0.00000,0.00000,4751.25000,4734.10000,0.0000,0.0000,-1715.0,-171.50,-8.77,"",0,00:00:30:18,,,,,,,,,,,,
,184029581,07/05/2026 09:54,07/05/2026 16:15,XAUUSD,Buy,0.100,0.00000,0.00000,4736.79000,4733.98000,0.0000,0.0000,-281.0,-28.10,-1.42,"",0,00:06:20:32,53.9,3h 25m,2293.0,0.38,2012.0,201.20000000000002,-772.0,-77.2,72.3,17.6,-2293.00,-229.30
,184018154,07/05/2026 09:40,07/05/2026 09:52,XAUUSD,Sell,0.500,0.00000,0.00000,4746.12000,4738.99000,0.0000,0.0000,713.0,356.50,21.90,"",0,00:00:12:19,,,,,,,,,,,,
,184017815,07/05/2026 09:36,07/05/2026 09:52,XAUUSD,Sell,0.100,0.00000,0.00000,4734.32000,4738.98000,0.0000,0.0000,-466.0,-46.60,-2.78,"",0,00:00:16:39,,,,,,,,,,,,
,184013616,07/05/2026 09:39,07/05/2026 09:52,XAUUSD,Sell,0.100,0.00000,0.00000,4741.84000,4738.98000,0.0000,0.0000,286.0,28.60,1.74,"",0,00:00:13:30,,,,,,,,,,,,
,184013303,07/05/2026 09:39,07/05/2026 09:52,XAUUSD,Sell,0.100,0.00000,0.00000,4741.84000,4738.97000,0.0000,0.0000,287.0,28.70,1.77,"",0,00:00:13:30,,,,,,,,,,,,
,184006296,07/05/2026 09:22,07/05/2026 09:52,XAUUSD,Sell,0.100,0.00000,0.00000,4713.11000,4738.98000,0.0000,0.0000,-2587.0,-258.70,-13.79,"",0,00:00:30:51,,,,,,,,,,,,
,183757002,06/05/2026 17:22,06/05/2026 21:25,XAUUSD,Sell,0.100,0.00000,0.00000,4713.42000,4688.87000,0.0000,0.0000,2455.0,245.50,15.06,"",0,00:04:03:16,100.0,4h 3m,1784.0,0.00,3271.0,327.1,0.0,0.0,100.0,75.1,-816.00,-81.60
,183725494,06/05/2026 16:53,06/05/2026 21:25,XAUUSD,Sell,0.100,0.00000,0.00000,4703.53000,4688.88000,0.0000,0.0000,1465.0,146.50,9.87,"",0,00:04:31:48,100.0,4h 31m,1784.0,0.00,2282.0,228.20000000000002,0.0,0.0,100.0,64.2,-817.00,-81.70
,183720794,06/05/2026 16:32,06/05/2026 21:25,XAUUSD,Sell,0.100,0.00000,0.00000,4691.56000,4688.85000,0.0000,0.0000,271.0,27.10,1.86,"",0,00:04:53:02,73.7,3h 35m,1784.0,0.64,1085.0,108.5,-699.0,-69.9,60.8,54.4,-814.00,-81.40
,183718861,06/05/2026 16:31,06/05/2026 21:25,XAUUSD,Sell,0.100,0.00000,0.00000,4684.61000,4688.87000,0.0000,0.0000,-426.0,-42.60,-2.84,"",0,00:04:54:33,26.4,1h 17m,1784.0,3.58,390.0,39.0,-1394.0,-139.4,21.9,54.3,-816.00,-81.60
,183677159,06/05/2026 15:14,06/05/2026 15:16,XAUUSD,Sell,0.020,0.00000,0.00000,4672.41000,4674.22000,0.0000,0.0000,-181.0,-3.62,-0.24,"",0,00:00:01:20,,,,,,,,,,,,
,183675229,06/05/2026 15:12,06/05/2026 15:14,USOIL+,Buy,0.010,0.00000,0.00000,91.78000,92.00000,-1.5000,0.0000,22.0,20.37,1.37,"",0,00:00:01:56,,,,,,,,,,,,
,183653309,06/05/2026 14:32,06/05/2026 15:10,XAUUSD,Sell,0.020,0.00000,0.00000,4709.21000,4677.79000,0.0000,0.0000,3142.0,62.84,4.43,"",0,00:00:38:02,,,,,,,,,,,,
,183656217,06/05/2026 14:38,06/05/2026 15:10,USOIL+,Buy,0.010,0.00000,0.00000,88.41000,91.41000,-1.5000,0.0000,300.0,296.70,26.41,"",0,00:00:31:10,,,,,,,,,,,,
,187922056,06/05/2026 14:29,,,Deposit,0.000,0.00000,0.00000,0.00000,0.00000,0.0000,0.0000,0.0,1120.00,0,"Transfer from Wallet",0,00:00:00:00,,,,,,,,,,,,
,183454202,06/05/2026 06:21,06/05/2026 11:50,XAUUSD,Sell,0.020,0.00000,0.00000,4648.92000,4699.01000,0.0000,0.0000,-5009.0,-100.18,-96.84,"[so 17.58%/3.27/18.60]",0,00:05:29:30,0.0,0s,5287.0,10000.00,0.0,0.0,-5287.0,-105.74000000000001,0.0,5.3,-5009.00,-100.18
,183454280,06/05/2026 06:21,06/05/2026 11:50,XAUUSD,Sell,0.020,0.00000,0.00000,4648.12000,4697.80000,0.0000,0.0000,-4968.0,-99.36,-48.99,"[so 15.30%/5.69/37.19]",0,00:05:29:14,0.0,0s,5367.0,10000.00,0.0,0.0,-5367.0,-107.34,0.0,7.4,-4968.00,-99.36
,183557088,06/05/2026 11:35,06/05/2026 11:50,XAUUSD,Buy,0.020,0.00000,4691.58000,4675.10000,4692.41000,0.0000,0.0000,1731.0,34.62,20.58,"[tp 4691.58]",0,00:00:15:16,,,,,,,,,,,,
,183045252,05/05/2026 10:26,06/05/2026 06:20,XAUUSD,Buy,0.010,0.00000,0.00000,4550.98000,4649.12000,0.0000,-0.6800,9814.0,97.46,137.79,"",0,00:19:54:26,92.5,18h 24m,3786.0,0.07,10154.0,101.54,-724.0,-7.24,93.3,96.9,-340.00,-3.40
,182593010,04/05/2026 18:22,04/05/2026 19:10,XAUUSD,Buy,0.500,0.00000,0.00000,4515.28000,4500.73000,0.0000,0.0000,-1455.0,-727.50,-91.14,"[so 15.66%/70.73/451.53]",0,00:00:48:46,,,,,,,,,,,,
,182585839,04/05/2026 13:16,04/05/2026 19:10,XAUUSD,Buy,0.500,0.00000,0.00000,4538.75000,4502.90000,0.0000,0.0000,-3585.0,-1792.50,-69.19,"[so 19.80%/179.23/905.40]",0,00:05:54:33,60.9,3h 35m,7159.0,1.00,3574.0,1787.0,-3585.0,-1792.5,49.9,0.0,-7159.00,-3579.50
,182579270,04/05/2026 13:08,04/05/2026 19:10,XAUUSD,Buy,0.500,0.00000,0.00000,4544.48000,4503.18000,0.0000,0.0000,-4130.0,-2065.00,-44.35,"[so 15.24%/207.23/1359.85]",0,00:06:02:16,62.5,3h 46m,7131.0,1.38,3001.0,1500.5,-4130.0,-2065.0,42.1,0.0,-7131.00,-3565.50
,182234534,04/05/2026 13:03,04/05/2026 19:10,XAUUSD,Buy,0.500,0.00000,0.00000,4563.99000,4504.18000,0.0000,0.0000,-5981.0,-2990.50,-39.11,"[so 19.67%/357.23/1816.25]",0,00:06:06:51,33.4,2h 2m,7031.0,5.70,1050.0,525.0,-5981.0,-2990.5,14.9,0.0,-7031.00,-3515.50
,182568155,04/05/2026 13:03,04/05/2026 19:09,XAUUSD,Buy,0.500,0.00000,0.00000,4568.24000,4504.52000,0.0000,0.0000,-6372.0,-3186.00,-29.41,"[so 18.71%/425.23/2273.07]",0,00:06:05:42,20.9,1h 16m,6997.0,10.20,625.0,312.5,-6372.0,-3186.0,8.9,0.0,-6997.00,-3498.50
,182568154,04/05/2026 13:03,04/05/2026 19:09,XAUUSD,Buy,0.500,0.00000,0.00000,4568.24000,4504.85000,0.0000,0.0000,-6339.0,-3169.50,-22.64,"[so 18.60%/507.73/2729.90]",0,00:06:05:42,20.9,1h 16m,6964.0,10.15,625.0,312.5,-6339.0,-3169.5,9.0,0.0,-6964.00,-3482.00
,182505271,04/05/2026 10:59,04/05/2026 19:09,XAUUSD,Buy,0.500,0.00000,0.00000,4578.70000,4505.25000,0.0000,0.0000,-7345.0,-3672.50,-20.78,"[so 19.69%/627.73/3187.77]",0,00:08:09:16,6.1,29m,7621.0,26.67,276.0,138.0,-7345.0,-3672.5,3.6,0.0,-7621.00,-3810.50
,182427456,04/05/2026 05:31,04/05/2026 19:09,XAUUSD,Buy,0.500,0.00000,0.00000,4592.85000,4505.12000,0.0000,0.0000,-8773.0,-4386.50,-19.88,"[so 15.96%/582.23/3647.05]",0,00:13:37:43,18.6,2h 32m,10612.0,4.77,1839.0,919.5,-8773.0,-4386.5,17.3,0.0,-10612.00,-5306.00
,182427454,04/05/2026 05:31,04/05/2026 19:09,XAUUSD,Buy,0.500,0.00000,0.00000,4593.03000,4505.11000,0.0000,0.0000,-8792.0,-4396.00,-16.62,"[so 14.08%/578.23/4106.36]",0,00:13:37:43,18.6,2h 32m,10613.0,4.83,1821.0,910.5,-8792.0,-4396.0,17.2,0.0,-10613.00,-5306.50
,182229432,01/05/2026 22:42,04/05/2026 19:09,XAUUSD,Buy,0.500,0.00000,0.00000,4614.75000,4505.08000,0.0000,-33.5500,-10967.0,-5517.05,-17.25,"[so 12.36%/564.73/4567.83]",0,02:20:27:05,3.0,2h 3m,11561.0,18.48,594.0,297.0,-10967.0,-5483.5,5.1,0.0,-11561.00,-5780.50
,182139743,01/05/2026 17:45,04/05/2026 19:09,XAUUSD,Buy,0.500,0.00000,0.00000,4631.82000,4505.15000,0.0000,-33.5500,-12667.0,-6367.05,-16.61,"[so 15.20%/764.73/5031.01]",0,03:01:23:55,1.4,1h 1m,13394.0,17.45,727.0,363.5,-12667.0,-6333.5,5.4,0.0,-13394.00,-6697.00
,182134959,01/05/2026 17:37,04/05/2026 19:08,XAUUSD,Buy,0.500,0.00000,0.00000,4638.20000,4508.61000,0.0000,-33.5500,-12959.0,-6513.05,-14.52,"[so 18.79%/1032.73/5494.83]",0,03:01:30:06,0.7,30m,13048.0,147.06,89.0,44.5,-12959.0,-6479.5,0.7,0.0,-13048.00,-6524.00
,186489312,04/05/2026 13:16,,,Deposit,0.000,0.00000,0.00000,0.00000,0.00000,0.0000,0.0000,0.0,13831.00,0,"Transfer from Wallet",0,00:00:00:00,,,,,,,,,,,,
,182575809,04/05/2026 13:06,04/05/2026 13:08,XAUUSD,Sell,0.500,0.00000,0.00000,4551.72000,4544.20000,0.0000,0.0000,752.0,376.00,1.23,"",0,00:00:02:01,,,,,,,,,,,,
,182575804,04/05/2026 13:06,04/05/2026 13:08,XAUUSD,Sell,0.500,0.00000,0.00000,4551.22000,4544.21000,0.0000,0.0000,701.0,350.50,1.16,"",0,00:00:02:01,,,,,,,,,,,,
,182570410,04/05/2026 13:03,04/05/2026 13:08,XAUUSD,Sell,0.500,0.00000,0.00000,4555.58000,4544.19000,0.0000,0.0000,1139.0,569.50,1.92,"",0,00:00:04:28,,,,,,,,,,,,
,182570354,04/05/2026 13:03,04/05/2026 13:08,XAUUSD,Sell,0.500,0.00000,0.00000,4555.72000,4544.21000,0.0000,0.0000,1151.0,575.50,1.97,"",0,00:00:04:28,,,,,,,,,,,,
,182570302,04/05/2026 13:03,04/05/2026 13:08,XAUUSD,Sell,0.500,0.00000,0.00000,4555.96000,4544.21000,0.0000,0.0000,1175.0,587.50,2.06,"",0,00:00:04:29,,,,,,,,,,,,
,182570255,04/05/2026 13:03,04/05/2026 13:08,XAUUSD,Sell,0.500,0.00000,0.00000,4555.87000,4544.19000,0.0000,0.0000,1168.0,584.00,2.09,"",0,00:00:04:29,,,,,,,,,,,,
,182570228,04/05/2026 13:03,04/05/2026 13:08,XAUUSD,Sell,0.500,0.00000,0.00000,4556.42000,4544.20000,0.0000,0.0000,1222.0,611.00,2.23,"",0,00:00:04:29,,,,,,,,,,,,
,186463681,04/05/2026 13:02,,,Deposit,0.000,0.00000,0.00000,0.00000,0.00000,0.0000,0.0000,0.0,13831.00,0,"Transfer from Wallet",0,00:00:00:00,,,,,,,,,,,,
,182133114,01/05/2026 17:36,04/05/2026 13:02,XAUUSD,Buy,0.500,0.00000,0.00000,4639.15000,4565.58000,0.0000,-33.5500,-7357.0,-3712.05,-21.52,"[so 19.94%/643.73/3228.85]",0,02:19:26:48,0.0,0s,9403.0,10000.00,0.0,0.0,-9403.0,-4701.5,0.0,21.8,-7357.00,-3678.50
,182125144,01/05/2026 17:25,04/05/2026 13:02,XAUUSD,Buy,0.500,0.00000,0.00000,4647.80000,4566.15000,0.0000,-33.5500,-8165.0,-4116.05,-19.26,"[so 19.47%/719.23/3693.63]",0,02:19:37:26,0.0,0s,10268.0,0.00,0.0,0.0,-10268.0,-5134.0,0.0,20.5,-8165.00,-4082.50
,182124080,01/05/2026 17:22,04/05/2026 13:02,XAUUSD,Buy,0.500,0.00000,0.00000,4657.85000,4566.12000,0.0000,-33.5500,-9173.0,-4620.05,-17.78,"[so 19.98%/831.23/4159.42]",0,02:19:39:39,0.0,0s,11273.0,0.00,0.0,0.0,-11273.0,-5636.5,0.0,18.6,-9173.00,-4586.50
,182045352,01/05/2026 15:25,01/05/2026 15:41,XAUUSD,Sell,0.500,0.00000,0.00000,4604.14000,4594.77000,0.0000,0.0000,937.0,468.50,1.84,"",0,00:00:15:45,,,,,,,,,,,,
,182043098,01/05/2026 15:24,01/05/2026 15:41,XAUUSD,Sell,0.500,0.00000,0.00000,4595.50000,4594.79000,0.0000,0.0000,71.0,35.50,0.14,"",0,00:00:17:36,,,,,,,,,,,,
,182040198,01/05/2026 15:20,01/05/2026 15:41,XAUUSD,Sell,0.500,0.00000,0.00000,4589.08000,4594.67000,0.0000,0.0000,-559.0,-279.50,-1.08,"",0,00:00:20:56,,,,,,,,,,,,
,182030100,01/05/2026 15:06,01/05/2026 15:14,XAUUSD,Buy,0.500,0.00000,0.00000,4578.24000,4586.05000,0.0000,0.0000,781.0,390.50,1.54,"",0,00:00:07:49,,,,,,,,,,,,
,181997335,01/05/2026 12:58,01/05/2026 15:14,XAUUSD,Buy,0.500,0.00000,0.00000,4562.18000,4586.03000,0.0000,0.0000,2385.0,1192.50,4.93,"",0,00:02:15:33,100.0,2h 15m,1687.0,0.00,4072.0,2036.0,0.0,0.0,100.0,58.6,-1687.00,-843.50
,181977862,01/05/2026 11:53,01/05/2026 15:14,XAUUSD,Buy,0.500,0.00000,0.00000,4566.90000,4586.02000,0.0000,0.0000,1912.0,956.00,4.12,"",0,00:03:21:15,100.0,3h 21m,1688.0,0.00,3600.0,1800.0,0.0,0.0,100.0,53.1,-1688.00,-844.00
,181968314,01/05/2026 11:19,01/05/2026 15:14,XAUUSD,Buy,0.500,0.00000,0.00000,4572.63000,4586.05000,0.0000,0.0000,1342.0,671.00,2.98,"",0,00:03:55:18,62.5,2h 27m,1685.0,0.19,3027.0,1513.5,-567.0,-283.5,84.2,53.1,-1685.00,-842.50
,181935855,01/05/2026 09:39,01/05/2026 15:14,XAUUSD,Buy,0.500,0.00000,0.00000,4592.11000,4586.05000,0.0000,0.0000,-606.0,-303.00,-1.33,"",0,00:05:34:41,9.1,30m,2913.0,2.70,1079.0,539.5,-2913.0,-1456.5,27.0,57.8,-1685.00,-842.50
,181924824,01/05/2026 10:22,01/05/2026 15:14,XAUUSD,Buy,0.500,0.00000,0.00000,4586.53000,4586.03000,0.0000,0.0000,-50.0,-25.00,-0.11,"",0,00:04:51:33,30.0,1h 27m,2355.0,1.44,1637.0,818.5,-2355.0,-1177.5,41.0,57.7,-1687.00,-843.50
,181923080,01/05/2026 08:54,01/05/2026 15:14,XAUUSD,Buy,0.500,0.00000,0.00000,4609.30000,4586.04000,0.0000,0.0000,-2326.0,-1163.00,-4.84,"",0,00:06:19:34,0.0,0s,4632.0,5000.00,0.0,0.0,-4632.0,-2316.0,0.0,49.8,-2326.00,-1163.00
,182023783,01/05/2026 14:43,01/05/2026 15:02,XAUUSD,Sell,0.500,0.00000,0.00000,4575.61000,4575.90000,0.0000,0.0000,-29.0,-14.50,-0.06,"",0,00:00:18:55,,,,,,,,,,,,
,181972957,01/05/2026 11:33,01/05/2026 11:53,XAUUSD,Sell,0.500,0.00000,0.00000,4570.02000,4567.00000,0.0000,0.0000,302.0,151.00,0.63,"",0,00:00:19:21,,,,,,,,,,,,
,181970719,01/05/2026 11:26,01/05/2026 11:53,XAUUSD,Sell,0.500,0.00000,0.00000,4567.04000,4567.00000,0.0000,0.0000,4.0,2.00,0.01,"",0,00:00:26:25,,,,,,,,,,,,
,181970715,01/05/2026 11:26,01/05/2026 11:53,XAUUSD,Sell,0.500,0.00000,0.00000,4567.03000,4567.01000,0.0000,0.0000,2.0,1.00,0.00,"",0,00:00:26:25,,,,,,,,,,,,
,181970714,01/05/2026 11:26,01/05/2026 11:53,XAUUSD,Sell,0.500,0.00000,0.00000,4567.31000,4567.00000,0.0000,0.0000,31.0,15.50,0.06,"",0,00:00:26:26,,,,,,,,,,,,
,181970711,01/05/2026 11:26,01/05/2026 11:53,XAUUSD,Sell,0.500,0.00000,0.00000,4567.30000,4567.00000,0.0000,0.0000,30.0,15.00,0.06,"",0,00:00:26:26,,,,,,,,,,,,
,181911829,01/05/2026 07:37,01/05/2026 08:27,XAUUSD,Sell,0.500,0.00000,0.00000,4615.82000,4614.02000,0.0000,0.0000,180.0,90.00,0.38,"",0,00:00:50:23,,,,,,,,,,,,
,181884792,01/05/2026 05:22,01/05/2026 05:34,XAUUSD,Sell,0.500,0.00000,0.00000,4629.28000,4629.07000,0.0000,0.0000,21.0,10.50,0.04,"",0,00:00:11:33,,,,,,,,,,,,
,181864164,01/05/2026 04:02,01/05/2026 04:05,XAUUSD,Buy,0.500,0.00000,0.00000,4618.08000,4618.25000,0.0000,0.0000,17.0,8.50,0.04,"",0,00:00:02:51,,,,,,,,,,,,
,181755720,30/04/2026 19:16,01/05/2026 02:35,XAUUSD,Buy,0.500,0.00000,0.00000,4608.26000,4631.78000,0.0000,-33.5500,2352.0,1142.45,5.05,"",0,00:07:19:42,100.0,7h 19m,1157.0,0.00,2352.0,1176.0,0.0,0.0,100.0,100.0,0.00,0.00
,181750051,30/04/2026 18:44,01/05/2026 02:35,XAUUSD,Buy,0.500,0.00000,0.00000,4613.97000,4631.78000,0.0000,-33.5500,1781.0,856.95,3.94,"",0,00:07:51:30,100.0,7h 51m,1157.0,0.00,1781.0,890.5,0.0,0.0,100.0,100.0,0.00,0.00
,181749799,30/04/2026 18:44,01/05/2026 02:35,XAUUSD,Buy,0.500,0.00000,0.00000,4615.47000,4631.78000,0.0000,-33.5500,1631.0,781.95,3.73,"",0,00:07:51:49,100.0,7h 51m,1157.0,0.00,1631.0,815.5,0.0,0.0,100.0,100.0,0.00,0.00
,181674384,30/04/2026 16:47,01/05/2026 02:35,XAUUSD,Buy,0.500,0.00000,0.00000,4616.61000,4631.76000,0.0000,-33.5500,1515.0,723.95,3.57,"",0,00:09:48:48,85.0,8h 20m,1157.0,0.59,1515.0,757.5,-888.0,-444.0,63.0,100.0,0.00,0.00
,181596698,30/04/2026 14:40,01/05/2026 02:35,XAUUSD,Buy,0.500,0.00000,0.00000,4628.14000,4631.78000,0.0000,-33.5500,364.0,148.45,0.74,"",0,00:11:55:45,16.7,1h 59m,2041.0,5.61,364.0,182.0,-2041.0,-1020.5,15.1,100.0,0.00,0.00
,181585971,30/04/2026 14:18,01/05/2026 02:35,XAUUSD,Buy,0.500,0.00000,0.00000,4634.02000,4631.78000,0.0000,-33.5500,-224.0,-145.55,-0.72,"",0,00:12:17:44,0.0,0s,2629.0,3333.33,0.0,0.0,-2629.0,-1314.5,0.0,91.5,-224.00,-112.00
,181566649,30/04/2026 13:34,01/05/2026 02:35,XAUUSD,Buy,0.500,0.00000,0.00000,4637.80000,4631.76000,0.0000,-33.5500,-604.0,-335.55,-1.63,"",0,00:13:01:29,3.9,30m,3155.0,20.33,148.0,74.0,-3007.0,-1503.5,4.7,76.2,-752.00,-376.00
,181547642,30/04/2026 12:57,01/05/2026 02:35,XAUUSD,Buy,0.500,0.00000,0.00000,4625.45000,4631.76000,0.0000,-33.5500,631.0,281.95,1.39,"",0,00:13:38:49,32.2,4h 23m,3155.0,1.28,1383.0,691.5,-1772.0,-886.0,43.8,76.2,-752.00,-376.00
,181516654,30/04/2026 11:16,01/05/2026 02:35,XAUUSD,Buy,0.500,0.00000,0.00000,4618.08000,4631.76000,0.0000,-33.5500,1368.0,650.45,3.31,"",0,00:15:19:18,71.0,10h 52m,3564.0,0.41,2529.0,1264.5,-1035.0,-517.5,71.0,67.4,-1161.00,-580.50
,181450697,30/04/2026 08:48,30/04/2026 09:36,XAUUSD,Buy,0.500,0.00000,0.00000,4567.71000,4575.98000,0.0000,0.0000,827.0,413.50,2.15,"",0,00:00:47:59,,,,,,,,,,,,
,181440488,30/04/2026 08:14,30/04/2026 08:41,XAUUSD,Buy,0.500,0.00000,0.00000,4553.31000,4564.38000,0.0000,0.0000,1107.0,553.50,2.96,"",0,00:00:26:45,,,,,,,,,,,,
,181397925,30/04/2026 05:36,30/04/2026 06:55,XAUUSD,Sell,0.500,0.00000,0.00000,4566.21000,4557.63000,0.0000,0.0000,858.0,429.00,2.35,"",0,00:01:18:51,,,,,,,,,,,,
,181381800,30/04/2026 04:54,30/04/2026 05:28,XAUUSD,Sell,0.500,0.00000,0.00000,4581.16000,4574.17000,0.0000,0.0000,699.0,349.50,1.95,"",0,00:00:33:59,,,,,,,,,,,,
,181253922,29/04/2026 21:27,30/04/2026 02:58,XAUUSD,Sell,0.500,4561.06000,0.00000,4533.56000,4561.48000,0.0000,56.1800,-2792.0,-1339.82,-6.96,"[sl 4561.06]",0,00:05:30:38,0.0,0s,3651.0,5000.00,0.0,0.0,-3651.0,-1825.5,0.0,23.5,-2792.00,-1396.00
,181250448,29/04/2026 21:17,30/04/2026 02:58,XAUUSD,Sell,0.500,4561.10000,0.00000,4536.92000,4561.48000,0.0000,56.1800,-2456.0,-1171.82,-5.74,"[sl 4561.10]",0,00:05:40:31,0.0,0s,3315.0,3333.33,0.0,0.0,-3315.0,-1657.5,0.0,25.9,-2456.00,-1228.00
,181277788,29/04/2026 22:15,30/04/2026 02:58,XAUUSD,Sell,0.500,4561.02000,0.00000,4548.70000,4561.02000,0.0000,56.1800,-1232.0,-559.82,-2.67,"[sl 4561.02]",0,00:04:42:29,0.0,0s,2137.0,2500.00,0.0,0.0,-2137.0,-1068.5,0.0,42.3,-1232.00,-616.00
,181251199,30/04/2026 02:45,30/04/2026 02:58,XAUUSD,Sell,0.500,4560.97000,0.00000,4556.29000,4560.97000,0.0000,0.0000,-468.0,-234.00,-1.10,"[sl 4560.97]",0,00:00:12:50,,,,,,,,,,,,
,181183320,29/04/2026 18:41,29/04/2026 21:10,XAUUSD,Sell,0.500,0.00000,0.00000,4552.35000,4531.60000,0.0000,0.0000,2075.0,1037.50,4.85,"",0,00:02:28:33,100.0,2h 28m,956.0,0.00,2075.0,1037.5,0.0,0.0,100.0,100.0,0.00,0.00
,181179123,29/04/2026 18:45,29/04/2026 21:10,XAUUSD,Sell,0.500,0.00000,0.00000,4557.26000,4531.57000,0.0000,0.0000,2569.0,1284.50,6.39,"",0,00:02:24:48,100.0,2h 24m,956.0,0.00,2569.0,1284.5,0.0,0.0,100.0,100.0,0.00,0.00
,181142852,29/04/2026 17:18,29/04/2026 21:10,XAUUSD,Sell,0.500,0.00000,0.00000,4532.31000,4531.58000,0.0000,0.0000,73.0,36.50,0.18,"",0,00:03:51:50,12.5,28m,2846.0,39.06,73.0,36.5,-2846.0,-1423.0,2.5,100.0,0.00,0.00
,181124573,29/04/2026 16:54,29/04/2026 21:10,XAUUSD,Sell,0.500,0.00000,0.00000,4520.84000,4531.59000,0.0000,0.0000,-1075.0,-537.50,-2.61,"",0,00:04:16:17,0.0,0s,3993.0,5000.00,0.0,0.0,-3993.0,-1996.5,0.0,73.1,-1075.00,-537.50
,181112619,29/04/2026 16:41,29/04/2026 21:10,XAUUSD,Sell,0.500,0.00000,0.00000,4521.12000,4531.58000,0.0000,0.0000,-1046.0,-523.00,-2.48,"",0,00:04:28:24,0.0,0s,3965.0,5000.00,0.0,0.0,-3965.0,-1982.5,0.0,73.6,-1046.00,-523.00
,181101655,29/04/2026 16:33,29/04/2026 21:10,XAUUSD,Sell,0.500,0.00000,0.00000,4531.61000,4531.57000,0.0000,0.0000,4.0,2.00,0.01,"",0,00:04:37:12,11.2,31m,2916.0,769.23,4.0,2.0,-2916.0,-1458.0,0.1,100.0,0.00,0.00
,181091935,29/04/2026 16:25,29/04/2026 21:10,XAUUSD,Sell,0.500,0.00000,0.00000,4535.50000,4559.46000,0.0000,0.0000,-2396.0,0.00,0.00,"#181205265 by #181091935",0,00:04:44:54,10.0,28m,2660.0,9.58,264.0,0.0,-2527.0,-0.0,9.5,4.7,-2660.00,0.00
,181205265,29/04/2026 19:22,29/04/2026 21:10,XAUUSD,Buy,0.500,0.00000,0.00000,4559.46000,4535.50000,0.0000,0.0000,-2396.0,-1198.00,-5.34,"#181205265 by #181091935",0,00:01:47:48,,,,,,,,,,,,
,181162784,29/04/2026 18:01,29/04/2026 18:41,XAUUSD,Buy,0.500,0.00000,0.00000,4543.97000,4553.03000,0.0000,0.0000,906.0,453.00,2.19,"",0,00:00:40:02,,,,,,,,,,,,
,181088576,29/04/2026 16:21,29/04/2026 18:40,XAUUSD,Buy,0.500,0.00000,4555.35000,4540.34000,4554.47000,0.0000,0.0000,1413.0,706.50,3.54,"[tp 4555.35]",0,00:02:19:05,100.0,2h 19m,1544.0,0.00,2043.0,1021.5,0.0,0.0,100.0,69.2,-630.00,-315.00
,181074078,29/04/2026 16:01,29/04/2026 16:20,XAUUSD,Sell,0.500,0.00000,0.00000,4549.90000,4540.56000,0.0000,0.0000,934.0,467.00,2.40,"",0,00:00:19:12,,,,,,,,,,,,
,180983432,29/04/2026 12:45,29/04/2026 15:59,XAUUSD,Sell,0.500,0.00000,0.00000,4559.74000,4545.09000,0.0000,0.0000,1465.0,732.50,3.91,"",0,00:03:13:52,83.4,2h 41m,2340.0,0.05,3805.0,1902.5,-197.0,-98.5,95.1,41.5,-2340.00,-1170.00
,180967762,29/04/2026 12:01,29/04/2026 15:59,XAUUSD,Sell,0.500,0.00000,0.00000,4570.52000,4545.09000,0.0000,0.0000,2543.0,1271.50,7.27,"",0,00:03:58:05,100.0,3h 58m,2340.0,0.00,4883.0,2441.5,0.0,0.0,100.0,52.1,-2340.00,-1170.00
,180848845,29/04/2026 05:15,29/04/2026 09:23,XAUUSD,Sell,0.500,0.00000,0.00000,4599.96000,4583.96000,0.0000,0.0000,1600.0,800.00,4.79,"",0,00:04:07:32,62.5,2h 34m,892.0,0.20,2492.0,1246.0,-495.0,-247.5,83.4,70.1,-892.00,-446.00
,180812374,29/04/2026 04:06,29/04/2026 09:23,XAUUSD,Sell,0.500,0.00000,0.00000,4583.31000,4583.94000,0.0000,0.0000,-63.0,-31.50,-0.19,"",0,00:05:16:20,10.0,31m,2160.0,2.61,827.0,413.5,-2160.0,-1080.0,27.7,70.2,-890.00,-445.00
,180461599,28/04/2026 14:48,28/04/2026 15:11,XAUUSD,Buy,0.500,0.00000,0.00000,4562.82000,4575.92000,0.0000,0.0000,1310.0,655.00,4.08,"",0,00:00:23:20,,,,,,,,,,,,
,180428615,28/04/2026 14:46,28/04/2026 15:11,XAUUSD,Buy,0.500,0.00000,0.00000,4566.22000,4575.94000,0.0000,0.0000,972.0,486.00,3.12,"",0,00:00:25:24,,,,,,,,,,,,
,180314707,28/04/2026 14:36,28/04/2026 15:11,XAUUSD,Buy,0.500,0.00000,0.00000,4583.65000,4575.95000,0.0000,0.0000,-770.0,-385.00,-2.41,"",0,00:00:35:37,,,,,,,,,,,,
,180314660,28/04/2026 14:48,28/04/2026 15:11,XAUUSD,Buy,0.500,0.00000,0.00000,4560.92000,4575.93000,0.0000,0.0000,1501.0,750.50,4.93,"",0,00:00:22:57,,,,,,,,,,,,
,180460931,28/04/2026 13:54,28/04/2026 14:36,XAUUSD,Sell,0.500,0.00000,0.00000,4609.84000,4584.27000,0.0000,0.0000,2557.0,1278.50,9.18,"",0,00:00:41:37,,,,,,,,,,,,
,180428805,28/04/2026 12:27,28/04/2026 14:36,XAUUSD,Sell,0.500,0.00000,0.00000,4617.93000,4585.88000,0.0000,0.0000,3205.0,1602.50,13.00,"",0,00:02:09:07,100.0,2h 9m,3116.0,0.00,5523.0,2761.5,0.0,0.0,100.0,58.0,-2318.00,-1159.00
,180426144,28/04/2026 12:22,28/04/2026 12:26,XAUUSD,Buy,0.500,0.00000,0.00000,4615.84000,4616.42000,0.0000,0.0000,58.0,29.00,0.24,"",0,00:00:03:36,,,,,,,,,,,,
,180414621,28/04/2026 11:53,28/04/2026 11:56,XAUUSD,Buy,0.500,0.00000,0.00000,4628.72000,4629.51000,0.0000,0.0000,79.0,39.50,0.32,"",0,00:00:03:11,,,,,,,,,,,,
,180314195,28/04/2026 08:50,28/04/2026 09:16,XAUUSD,Buy,0.500,0.00000,0.00000,4630.70000,4638.24000,0.0000,0.0000,754.0,377.00,3.17,"",0,00:00:26:37,,,,,,,,,,,,
,180235154,28/04/2026 05:41,28/04/2026 08:31,XAUUSD,Sell,0.500,0.00000,0.00000,4671.17000,4648.45000,0.0000,0.0000,2272.0,1136.00,10.57,"",0,00:02:49:56,100.0,2h 49m,1950.0,0.00,4222.0,2111.0,0.0,0.0,100.0,53.8,-1950.00,-975.00
,180154367,28/04/2026 03:12,28/04/2026 03:27,XAUUSD,Sell,0.500,0.00000,0.00000,4699.39000,4696.05000,0.0000,0.0000,334.0,167.00,1.58,"",0,00:00:14:16,,,,,,,,,,,,
,180038178,27/04/2026 19:31,28/04/2026 02:50,XAUUSD,Buy,0.500,0.00000,0.00000,4677.78000,4693.82000,0.0000,-35.1700,1604.0,766.83,7.81,"",0,00:07:19:11,100.0,7h 19m,404.0,0.00,1710.0,855.0,0.0,0.0,100.0,93.8,-106.00,-53.00
,179995135,27/04/2026 18:03,28/04/2026 02:50,XAUUSD,Buy,0.500,0.00000,0.00000,4675.18000,4693.82000,0.0000,-35.1700,1864.0,896.83,10.06,"",0,00:08:47:23,100.0,8h 47m,448.0,0.00,1970.0,985.0,0.0,0.0,100.0,94.6,-106.00,-53.00
,179735542,27/04/2026 08:36,28/04/2026 02:50,XAUUSD,Buy,0.500,0.00000,0.00000,4711.80000,4693.83000,0.0000,-35.1700,-1797.0,-933.67,-9.48,"",0,00:18:14:04,2.8,30m,4330.0,25.45,164.0,82.0,-4166.0,-2083.0,3.8,54.7,-1961.00,-980.50
,179922593,27/04/2026 16:38,27/04/2026 19:29,XAUUSD,Buy,0.500,0.00000,0.00000,4692.10000,4675.93000,0.0000,0.0000,-1617.0,-808.50,-7.58,"",0,00:02:51:07,0.0,0s,2196.0,2500.00,0.0,0.0,-2196.0,-1098.0,0.0,26.4,-1617.00,-808.50
,179985277,27/04/2026 17:55,27/04/2026 18:03,XAUUSD,Sell,0.500,0.00000,0.00000,4679.32000,4675.31000,0.0000,0.0000,401.0,200.50,1.92,"",0,00:00:08:02,,,,,,,,,,,,
,179981963,27/04/2026 17:53,27/04/2026 18:03,XAUUSD,Sell,0.500,0.00000,0.00000,4683.64000,4675.28000,0.0000,0.0000,836.0,418.00,4.16,"",0,00:00:09:45,,,,,,,,,,,,
,179970713,27/04/2026 17:36,27/04/2026 18:03,XAUUSD,Sell,0.500,0.00000,0.00000,4695.19000,4675.28000,0.0000,0.0000,1991.0,995.50,11.00,"",0,00:00:26:28,,,,,,,,,,,,
,179953309,27/04/2026 17:32,27/04/2026 18:03,XAUUSD,Sell,0.500,0.00000,0.00000,4684.93000,4675.31000,0.0000,0.0000,962.0,481.00,5.61,"",0,00:00:30:19,,,,,,,,,,,,
,179994990,27/04/2026 18:03,27/04/2026 18:03,XAUUSD,Buy,0.500,0.00000,0.00000,4674.51000,4674.42000,0.0000,0.0000,-9.0,-4.50,-0.04,"",0,00:00:00:07,,,,,,,,,,,,
,179891307,27/04/2026 15:59,27/04/2026 16:38,XAUUSD,Sell,0.500,0.00000,0.00000,4698.89000,4692.13000,0.0000,0.0000,676.0,338.00,4.11,"",0,00:00:38:54,,,,,,,,,,,,
,179710158,27/04/2026 07:02,27/04/2026 08:19,XAUUSD,Sell,0.500,0.00000,0.00000,4724.51000,4718.06000,0.0000,0.0000,645.0,322.50,4.08,"",0,00:01:16:42,,,,,,,,,,,,
,179689742,27/04/2026 05:53,27/04/2026 06:42,XAUUSD,Buy,0.500,0.00000,0.00000,4722.17000,4726.85000,0.0000,0.0000,468.0,234.00,3.05,"",0,00:00:48:53,,,,,,,,,,,,
,179375526,24/04/2026 18:34,27/04/2026 01:05,XAUUSD,Buy,0.500,4697.34000,0.00000,4719.77000,4696.84000,0.0000,-35.1700,-2293.0,-1181.67,-13.34,"[sl 4697.34]",0,02:06:30:08,1.9,1h 2m,4597.0,11.33,373.0,186.5,-4224.0,-2112.0,8.1,42.0,-2666.00,-1333.00
,182094968,24/04/2026 17:23,,,Withdrawal,0.000,0.00000,0.00000,0.00000,0.00000,0.0000,0.0000,0.0,-4800.00,0,"Transfer to Wallet",0,00:00:00:00,,,,,,,,,,,,
,182094582,24/04/2026 17:22,,,Withdrawal,0.000,0.00000,0.00000,0.00000,0.00000,0.0000,0.0000,0.0,-49.00,0,"Transfer to Wallet",0,00:00:00:00,,,,,,,,,,,,
,179081458,24/04/2026 08:41,24/04/2026 17:08,XAUUSD,Sell,0.500,0.00000,0.00000,4685.23000,4703.38000,0.0000,0.0000,-1815.0,0.00,0.00,"#179252635 by #179081458",0,00:08:26:37,23.6,1h 59m,4855.0,5.44,754.0,0.0,-4101.0,-0.0,15.5,47.1,-2569.00,0.00
,179071167,24/04/2026 08:00,24/04/2026 17:08,XAUUSD,Sell,0.500,0.00000,0.00000,4676.26000,4704.51000,0.0000,0.0000,-2825.0,0.00,0.00,"#179250901 by #179071167",0,00:09:07:32,0.0,0s,4998.0,5000.00,0.0,0.0,-4998.0,-0.0,0.0,43.5,-2825.00,0.00
,179278849,24/04/2026 16:25,24/04/2026 17:08,XAUUSD,Buy,0.500,0.00000,0.00000,4695.86000,4723.85000,0.0000,0.0000,2799.0,1399.50,11.37,"",0,00:00:42:45,,,,,,,,,,,,
,179259515,24/04/2026 15:50,24/04/2026 17:08,XAUUSD,Buy,0.500,0.00000,0.00000,4691.73000,4723.84000,0.0000,0.0000,3211.0,1605.50,15.00,"",0,00:01:18:28,,,,,,,,,,,,
,179254435,24/04/2026 15:44,24/04/2026 17:08,XAUUSD,Buy,0.500,0.00000,0.00000,4699.48000,4723.87000,0.0000,0.0000,2439.0,1219.50,12.86,"",0,00:01:24:05,,,,,,,,,,,,
,179252635,24/04/2026 15:42,24/04/2026 17:08,XAUUSD,Buy,0.500,0.00000,0.00000,4703.38000,4685.23000,0.0000,0.0000,-1815.0,-907.50,-8.74,"#179252635 by #179081458",0,00:01:25:54,,,,,,,,,,,,
,179250901,24/04/2026 15:37,24/04/2026 17:08,XAUUSD,Buy,0.500,0.00000,0.00000,4704.51000,4676.26000,0.0000,0.0000,-2825.0,-1412.50,-11.97,"#179250901 by #179071167",0,00:01:31:12,,,,,,,,,,,,
,179129820,24/04/2026 14:07,24/04/2026 16:05,XAUUSD,Sell,0.500,0.00000,0.00000,4697.29000,4696.99000,0.0000,0.0000,30.0,15.00,0.13,"",0,00:01:57:47,,,,,,,,,,,,
,179220978,24/04/2026 14:29,24/04/2026 15:37,XAUUSD,Sell,0.500,0.00000,0.00000,4713.90000,4704.18000,0.0000,0.0000,972.0,486.00,4.30,"",0,00:01:07:43,,,,,,,,,,,,
,181937809,24/04/2026 14:29,,,Deposit,0.000,0.00000,0.00000,0.00000,0.00000,0.0000,0.0000,0.0,4627.00,0,"Transfer from Wallet",0,00:00:00:00,,,,,,,,,,,,
,179048966,24/04/2026 07:07,24/04/2026 07:27,XAUUSD,Sell,0.500,0.00000,0.00000,4670.21000,4661.05000,0.0000,0.0000,916.0,458.00,7.37,"",0,00:00:19:55,,,,,,,,,,,,
,179027547,24/04/2026 06:04,24/04/2026 06:07,XAUUSD,Sell,0.500,0.00000,0.00000,4672.18000,4670.90000,0.0000,0.0000,128.0,64.00,1.04,"",0,00:00:02:44,,,,,,,,,,,,
,179020712,24/04/2026 05:51,24/04/2026 06:04,XAUUSD,Buy,1.500,4671.80000,0.00000,4676.63000,4671.80000,0.0000,0.0000,-483.0,-724.50,-10.54,"[sl 4671.80]",0,00:00:12:11,,,,,,,,,,,,
,179006306,24/04/2026 05:26,24/04/2026 05:48,XAUUSD,Buy,0.500,4678.11000,0.00000,4684.28000,4677.87000,0.0000,0.0000,-641.0,-320.50,-4.45,"[sl 4678.11]",0,00:00:21:58,,,,,,,,,,,,
,178992422,24/04/2026 05:03,24/04/2026 05:48,XAUUSD,Buy,0.500,4679.37000,0.00000,4696.02000,4679.37000,0.0000,0.0000,-1665.0,-832.50,-10.37,"[sl 4679.37]",0,00:00:45:15,,,,,,,,,,,,
,178971468,24/04/2026 04:23,24/04/2026 04:36,XAUUSD,Sell,0.500,0.00000,0.00000,4702.11000,4696.31000,0.0000,0.0000,580.0,290.00,3.75,"",0,00:00:12:33,,,,,,,,,,,,
,178918436,24/04/2026 02:58,24/04/2026 03:03,XAUUSD,Sell,0.500,0.00000,0.00000,4692.60000,4692.25000,0.0000,0.0000,35.0,17.50,0.23,"",0,00:00:05:05,,,,,,,,,,,,
,178520279,23/04/2026 13:12,23/04/2026 15:02,XAUUSD,Buy,0.500,0.00000,0.00000,4688.76000,4729.86000,0.0000,0.0000,4110.0,2055.00,36.27,"",0,00:01:49:12,,,,,,,,,,,,
,178353732,23/04/2026 05:11,23/04/2026 15:02,XAUUSD,Buy,0.500,0.00000,0.00000,4709.56000,4729.86000,0.0000,0.0000,2030.0,1015.00,21.82,"",0,00:09:50:27,70.0,6h 53m,2293.0,0.42,3087.0,1543.5,-1311.0,-655.5,70.2,76.0,-1057.00,-528.50
,178149716,22/04/2026 19:47,23/04/2026 01:38,XAUUSD,Buy,0.200,4731.07000,0.00000,4729.64000,4731.07000,0.0000,-42.2000,143.0,-13.60,-0.29,"[sl 4731.07]",0,00:05:51:11,66.7,3h 54m,1441.0,0.35,1065.0,213.0,-376.0,-75.2,73.9,36.0,-922.00,-184.40
,180254719,22/04/2026 13:28,,,Deposit,0.000,0.00000,0.00000,0.00000,0.00000,0.0000,0.0000,0.0,4660.00,0,"Transfer from Wallet",0,00:00:00:00,,,,,,,,,,,,
,177570028,21/04/2026 19:20,21/04/2026 22:43,XAUUSD,Buy,0.010,0.00000,0.00000,4729.27000,4675.29000,0.0000,0.0000,-5398.0,-53.98,-91.96,"wt|o:rprJ3am_cNbx20pM9wUN-D[so 19.96%/4.72/23.65]",0,00:03:23:03,,,,,,,,,,,,
,177606878,21/04/2026 20:42,21/04/2026 22:42,XAUUSD,Buy,0.020,0.00000,0.00000,4714.91000,4678.55000,0.0000,0.0000,-3636.0,-72.72,-55.33,"[so 11.27%/7.98/70.80]",0,00:02:00:11,,,,,,,,,,,,
,177606187,21/04/2026 20:25,21/04/2026 20:42,XAUUSD,Sell,0.010,4714.47000,0.00000,4704.08000,4714.91000,0.0000,0.0000,-1083.0,-10.83,-7.61,"[sl 4714.47]",0,00:00:17:11,,,,,,,,,,,,
,177528919,21/04/2026 18:13,21/04/2026 19:54,XAUUSD,Buy,0.250,0.00000,0.00000,4747.52000,4709.65000,0.0000,0.0000,-3787.0,-946.75,-86.94,"wt|o:PZQJri4iqfd28mkbGl85-D[so 19.87%/122.63/617.09]",0,00:01:40:54,,,,,,,,,,,,
,177161751,21/04/2026 09:00,21/04/2026 19:14,XAUUSD,Buy,1.000,0.00000,0.00000,4782.62000,4727.60000,0.0000,0.0000,-5502.0,-5502.00,-83.48,"[so 19.80%/591.00/2984.75]",0,00:10:13:57,30.0,3h 4m,8307.0,6.00,1187.0,1187.0,-7120.0,-7120.0,14.3,19.5,-6689.00,-6689.00
,177157496,21/04/2026 06:16,21/04/2026 17:46,XAUUSD,Buy,1.000,0.00000,0.00000,4800.94000,4729.35000,0.0000,0.0000,-7159.0,-7159.00,-52.07,"wt|o:1Ej0kic-qPcjBFpw-CxF-D[so 19.91%/954.00/4791.78]",0,00:11:30:23,0.0,0s,7159.0,10000.00,0.0,0.0,-7159.0,-7159.0,0.0,0.0,-7159.00,-7159.00
,177479626,21/04/2026 17:37,21/04/2026 17:40,XAUUSD,Sell,1.000,0.00000,4756.77000,4763.83000,4756.25000,0.0000,0.0000,758.0,758.00,5.83,"wt|o:xIY7THEnqzKxUzRL-Y03-D[tp 4756.77]",0,00:00:02:49,,,,,,,,,,,,
,177469415,21/04/2026 17:26,21/04/2026 17:40,XAUUSD,Sell,1.000,0.00000,4756.77000,4771.94000,4756.25000,0.0000,0.0000,1569.0,1569.00,13.74,"[tp 4756.77]",0,00:00:14:14,,,,,,,,,,,,
,177468914,21/04/2026 17:25,21/04/2026 17:40,XAUUSD,Sell,1.000,0.00000,4756.79000,4773.83000,4756.25000,0.0000,0.0000,1758.0,1758.00,18.19,"[tp 4756.79]",0,00:00:15:05,,,,,,,,,,,,
,179166648,21/04/2026 05:46,,,Deposit,0.000,0.00000,0.00000,0.00000,0.00000,0.0000,0.0000,0.0,9665.00,0,"Transfer from Wallet",0,00:00:00:00,,,,,,,,,,,,

Open Orders
Tags,Ticket,Open Date,Symbol,Action,Lots,Open Price,TP,SL
,184440522,08/05/2026 04:53,XAUUSD,Sell Limit,0.020,4789.43,0.00000,0.00000

