Tags,Ticket,Open Date,Close Date,Symbol,Action,Units/Lots,SL,TP,Open Price,Close Price,Commission,Swap,Pips,Profit,Gain,Comment,Magic Number,Duration (DD:HH:MM:SS),Profitable(%),Profitable(time duration),Drawdown,Risk:Reward,Max(pips),Max(USD),Min(pips),Min(USD),Entry Accuracy(%),Exit Accuracy(%),ProfitMissed(pips),ProfitMissed(USD)
,30410974,04/04/2025 14:09,,,Withdrawal,0.000,0.00000,0.00000,0.00000,0.00000,0.0000,0.0000,0.0,-3.00,0,"Credit Out - Debt W/O",0,00:00:00:00,,,,,,,,,,,,
,30410972,04/04/2025 14:09,,,Deposit,0.000,0.00000,0.00000,0.00000,0.00000,0.0000,0.0000,0.0,3.00,0,"Cash Adjustment - Debt W/O",0,00:00:00:00,,,,,,,,,,,,
,35031619,04/04/2025 13:27,04/04/2025 14:07,USOUSD,Buy,0.010,0.00000,0.00000,63.63100,62.09200,0.0000,0.0000,-153.9,-15.39,-99.61,"[so 0.79%/0.01/1.27]",0,00:00:39:43,,,,,,,,,,,,
,34981901,04/04/2025 12:08,04/04/2025 14:07,USOUSD,Buy,0.010,0.00000,0.00000,64.59100,62.13200,0.0000,0.0000,-245.9,-24.59,-61.41,"[so 17.97%/0.46/2.56]",0,00:01:58:57,,,,,,,,,,,,
,34971439,04/04/2025 11:48,04/04/2025 13:27,XAUUSD,Buy,0.010,0.00000,0.00000,3084.10000,3102.27000,0.0000,0.0000,1817.0,18.17,83.08,"",0,00:01:39:08,59.6,59m,4088.0,0.52,2683.0,26.830000000000002,-1405.0,-14.05,65.6,78.8,-866.00,-8.66
,30318775,04/04/2025 11:48,,,Deposit,0.000,0.00000,0.00000,0.00000,0.00000,0.0000,0.0000,0.0,18.81,0,"Transfer In from 143041",0,00:00:00:00,,,,,,,,,,,,
,30316966,04/04/2025 11:45,,,Withdrawal,0.000,0.00000,0.00000,0.00000,0.00000,0.0000,0.0000,0.0,-6.94,0,"Credit Out - Debt W/O",0,00:00:00:00,,,,,,,,,,,,
,30316945,04/04/2025 11:45,,,Deposit,0.000,0.00000,0.00000,0.00000,0.00000,0.0000,0.0000,0.0,6.94,0,"Cash Adjustment - Debt W/O",0,00:00:00:00,,,,,,,,,,,,
,34731817,04/04/2025 11:21,04/04/2025 11:42,XAUUSD,Buy,0.010,0.00000,0.00000,3083.98000,3079.90000,0.0000,0.0000,-408.0,-4.08,-57.14,"[so 19.78%/3.05/15.42]",0,00:00:20:43,95.3,19m,5178.0,0.09,4770.0,47.7,-408.0,-4.08,92.1,0.0,-5178.00,-51.78
,34937595,04/04/2025 11:26,04/04/2025 11:42,USOUSD,Buy,0.020,0.00000,0.00000,65.12600,64.64200,0.0000,0.0000,-48.4,-9.68,-57.55,"[so 19.52%/3.52/18.03]",0,00:00:15:47,,,,,,,,,,,,
,34843402,04/04/2025 07:41,04/04/2025 11:42,USOUSD,Buy,0.010,0.00000,0.00000,66.38100,64.65200,0.0000,0.0000,-172.9,-17.29,-50.69,"[so 19.07%/3.69/19.35]",0,00:04:00:25,,,,,,,,,,,,
,34909406,04/04/2025 10:08,04/04/2025 11:42,USOUSD,Buy,0.020,0.00000,0.00000,65.78600,64.66200,0.0000,0.0000,-112.4,-22.48,-39.72,"[so 18.29%/4.02/21.98]",0,00:01:33:11,,,,,,,,,,,,
,34730215,04/04/2025 03:14,04/04/2025 11:42,USOUSD,Buy,0.010,0.00000,0.00000,66.92100,64.66200,0.0000,0.0000,-225.9,-22.59,-28.53,"[so 17.20%/4.01/23.32]",0,00:08:27:26,,,,,,,,,,,,
,34792821,04/04/2025 05:56,04/04/2025 07:49,XAUUSD,Buy,0.010,0.00000,0.00000,3095.27000,3103.71000,0.0000,0.0000,844.0,8.44,11.93,"",0,00:01:53:41,90.3,1h 42m,1604.0,0.14,1411.0,14.11,-193.0,-1.93,88.0,64.7,-567.00,-5.67
,34469367,03/04/2025 16:23,04/04/2025 03:14,USOUSD,Buy,0.010,0.00000,0.00000,66.61000,66.89700,0.0000,0.0000,28.7,2.87,4.23,"",0,00:10:51:21,,,,,,,,,,,,
,34602720,03/04/2025 18:32,04/04/2025 02:28,XAUUSD,Buy,0.010,0.00000,0.00000,3106.37000,3112.72000,0.0000,0.0000,635.0,6.35,10.32,"",0,00:07:56:30,92.7,7h 21m,1280.0,0.33,1090.0,10.9,-357.0,-3.5700000000000003,75.3,68.6,-455.00,-4.55
,30007418,03/04/2025 19:19,,,Deposit,0.000,0.00000,0.00000,0.00000,0.00000,0.0000,0.0000,0.0,10.00,0,"Credit In - Welcome5020",0,00:00:00:00,,,,,,,,,,,,
,29858720,03/04/2025 16:23,,,Deposit,0.000,0.00000,0.00000,0.00000,0.00000,0.0000,0.0000,0.0,50.00,0,"Deposit-TH-QR-CPS-APP",0,00:00:00:00,,,,,,,,,,,,
,34397527,03/04/2025 15:24,03/04/2025 16:11,USOUSD,Buy,0.050,0.00000,0.00000,67.09000,66.68100,0.0000,0.0000,-40.9,-20.45,-93.08,"[so 18.93%/1.27/6.71]",0,00:00:46:47,,,,,,,,,,,,
,34368967,03/04/2025 14:43,03/04/2025 16:10,USOUSD,Buy,0.050,0.00000,0.00000,67.52000,66.70100,0.0000,0.0000,-81.9,-40.95,-65.08,"[so 18.72%/2.52/13.46]",0,00:01:27:06,,,,,,,,,,,,
,34435260,03/04/2025 15:53,03/04/2025 16:03,XAUUSD,Buy,0.060,0.00000,0.00000,3077.60000,3070.33000,0.0000,0.0000,-727.0,-43.62,-40.94,"[so 19.87%/21.02/105.79]",0,00:00:10:15,,,,,,,,,,,,
,34350194,03/04/2025 14:20,03/04/2025 16:03,USOUSD,Buy,0.050,0.00000,0.00000,68.10000,66.88100,0.0000,0.0000,-121.9,-60.95,-36.39,"[so 19.81%/23.65/119.41]",0,00:01:43:24,,,,,,,,,,,,
,34252238,03/04/2025 14:24,03/04/2025 16:03,USOUSD,Buy,0.050,0.00000,0.00000,68.05500,66.88600,0.0000,0.0000,-116.9,-58.45,-25.87,"[so 19.23%/21.65/112.60]",0,00:01:38:48,,,,,,,,,,,,
,34304446,03/04/2025 13:36,03/04/2025 15:45,USOUSD,Buy,0.050,0.00000,0.00000,68.51000,66.59100,0.0000,0.0000,-191.9,-95.95,-29.81,"[so 17.36%/5.89/33.93]",0,00:02:08:30,,,,,,,,,,,,
,34263111,03/04/2025 12:59,03/04/2025 15:45,USOUSD,Buy,0.050,0.00000,0.00000,68.74500,66.60600,0.0000,0.0000,-213.9,-106.95,-24.94,"[so 19.95%/8.14/40.80]",0,00:02:45:51,,,,,,,,,,,,
,34331045,03/04/2025 15:21,03/04/2025 15:44,XAUUSD,Buy,0.050,0.00000,0.00000,3086.52000,3064.96000,0.0000,0.0000,-2156.0,-107.80,-20.09,"[so 17.37%/20.49/117.96]",0,00:00:23:22,75.0,17m,4796.0,0.82,2640.0,132.0,-2156.0,-107.80000000000001,55.0,0.0,-4796.00,-239.80
,32286367,03/04/2025 12:17,03/04/2025 15:44,USOUSD,Buy,0.050,0.00000,0.00000,69.12500,66.64100,0.0000,0.0000,-248.4,-124.20,-18.79,"[so 19.69%/24.59/124.87]",0,00:03:27:11,,,,,,,,,,,,
,34330793,03/04/2025 13:59,03/04/2025 15:43,XAUUSD,Buy,0.050,0.00000,0.00000,3095.67000,3065.77000,0.0000,0.0000,-2990.0,-149.50,-18.45,"[so 18.68%/37.79/202.26]",0,00:01:44:24,95.3,1h 39m,6840.0,0.78,3850.0,192.5,-2990.0,-149.5,56.3,0.0,-6840.00,-342.00
,33559903,03/04/2025 01:00,03/04/2025 15:43,USOUSD,Buy,0.050,0.00000,0.00000,70.43500,66.67100,0.0000,0.0000,-376.4,-188.20,-18.85,"[so 18.44%/38.59/209.31]",0,00:14:43:34,,,,,,,,,,,,
,34301502,03/04/2025 13:34,03/04/2025 15:43,XAUUSD,Buy,0.050,0.00000,0.00000,3104.80000,3064.84000,0.0000,0.0000,-3996.0,-199.80,-16.67,"[so 19.74%/56.64/286.93]",0,00:02:09:26,77.0,1h 39m,6933.0,1.36,2937.0,146.85,-3996.0,-199.8,42.4,0.0,-6933.00,-346.65
,32509496,31/03/2025 19:50,03/04/2025 15:43,USOUSD,Buy,0.040,0.00000,0.00000,71.95800,66.75100,0.0000,0.0000,-520.7,-208.28,-14.81,"[so 19.92%/58.29/292.68]",0,02:19:52:58,,,,,,,,,,,,
,34183419,03/04/2025 10:09,03/04/2025 15:42,USOUSD,Buy,0.100,0.00000,0.00000,69.41000,66.78600,0.0000,0.0000,-262.4,-262.40,-15.72,"[so 19.78%/60.64/306.57]",0,00:05:32:45,,,,,,,,,,,,
,32499841,03/04/2025 13:17,03/04/2025 15:40,XAUUSD,Buy,0.060,0.00000,0.00000,3111.13000,3062.46000,0.0000,0.0000,-4867.0,-292.02,-14.89,"[so 16.70%/66.79/399.91]",0,00:02:23:05,48.3,1h 9m,7171.0,2.11,2304.0,138.24,-4867.0,-292.02,32.1,0.0,-7171.00,-430.26
,33971604,03/04/2025 03:34,03/04/2025 15:40,USOUSD,Buy,0.100,0.00000,0.00000,69.84500,66.84600,0.0000,0.0000,-299.9,-299.90,-13.26,"[so 16.27%/67.34/413.88]",0,00:12:06:47,,,,,,,,,,,,
,34115596,03/04/2025 08:38,03/04/2025 15:40,XAUUSD,Buy,0.050,0.00000,0.00000,3132.78000,3062.06000,0.0000,0.0000,-7072.0,-353.60,-13.52,"[so 19.74%/97.17/492.20]",0,00:07:02:28,2.4,10m,7334.0,52.91,139.0,6.95,-7334.0,-366.70000000000005,1.9,3.5,-7211.00,-360.55
,33971650,03/04/2025 03:34,03/04/2025 15:39,XAUUSD,Buy,0.050,0.00000,0.00000,3149.19000,3062.96000,0.0000,0.0000,-8623.0,-431.15,-14.16,"[so 19.12%/109.16/570.93]",0,00:12:05:19,0.0,0s,8975.0,10000.00,0.0,0.0,-8975.0,-448.75,0.0,3.9,-8623.00,-431.15
,32658741,01/04/2025 05:31,03/04/2025 03:33,XAUUSD,Buy,0.030,0.00000,0.00000,3143.52000,3148.55000,0.0000,0.0000,503.0,15.09,0.50,"",0,01:22:02:51,10.6,4h 52m,4275.0,1.96,2084.0,62.519999999999996,-4094.0,-122.82,33.7,74.4,-1581.00,-47.43
,33707659,02/04/2025 19:27,03/04/2025 03:33,USOUSD,Sell,0.050,0.00000,0.00000,71.90100,69.84000,0.0000,0.0000,206.1,103.05,3.52,"",0,00:08:06:08,,,,,,,,,,,,
,33721336,02/04/2025 23:13,03/04/2025 03:33,XAUUSD,Buy,0.050,0.00000,0.00000,3116.49000,3148.01000,0.0000,0.0000,3152.0,157.60,5.69,"",0,00:04:20:07,100.0,4h 20m,2560.0,0.00,5082.0,254.10000000000002,0.0,0.0,100.0,62.0,-1930.00,-96.50
,33250595,02/04/2025 04:14,03/04/2025 01:11,XAUUSD,Buy,0.030,0.00000,3145.10000,3132.80000,3145.23000,0.0000,0.0000,1243.0,37.29,1.36,"[tp 3145.10]",0,00:20:56:38,17.1,3h 34m,2154.0,0.67,3156.0,94.67999999999999,-2103.0,-63.089999999999996,60.0,63.6,-1913.00,-57.39
,33669107,02/04/2025 18:03,02/04/2025 19:29,XAUUSD,Buy,0.030,0.00000,0.00000,3126.81000,3132.29000,0.0000,0.0000,548.0,16.44,0.61,"",0,00:01:26:27,1.2,1m,771.0,1.41,548.0,16.439999999999998,-771.0,-23.13,41.5,100.0,0.00,0.00
,33665955,02/04/2025 17:57,02/04/2025 19:26,USOUSD,Buy,0.050,0.00000,0.00000,71.49000,71.92600,0.0000,0.0000,43.6,21.80,0.81,"",0,00:01:29:10,,,,,,,,,,,,
,33665085,02/04/2025 17:56,02/04/2025 18:15,XAUUSD,Sell,0.050,0.00000,0.00000,3126.87000,3125.58000,0.0000,0.0000,129.0,6.45,0.24,"",0,00:00:19:35,100.0,19m,331.0,0.00,460.0,23.0,0.0,0.0,100.0,28.0,-331.00,-16.55
,33665097,02/04/2025 17:56,02/04/2025 18:15,USOUSD,Sell,0.050,0.00000,0.00000,71.48600,71.29000,0.0000,0.0000,19.6,9.80,0.37,"",0,00:00:19:17,,,,,,,,,,,,
,33559766,02/04/2025 15:07,02/04/2025 17:56,XAUUSD,Buy,0.050,0.00000,0.00000,3118.56000,3125.86000,0.0000,0.0000,730.0,36.50,1.38,"",0,00:02:48:58,100.0,2h 48m,1281.0,0.00,1544.0,77.2,0.0,0.0,100.0,47.3,-814.00,-40.70
,33477171,02/04/2025 12:28,02/04/2025 17:55,USOUSD,Buy,0.050,0.00000,0.00000,71.28000,71.51600,0.0000,0.0000,23.6,11.80,0.45,"",0,00:05:27:18,,,,,,,,,,,,
,33495008,02/04/2025 13:15,02/04/2025 17:46,USOUSD,Buy,0.050,0.00000,0.00000,71.10000,71.56100,0.0000,0.0000,46.1,23.05,0.88,"",0,00:04:31:59,,,,,,,,,,,,
,33559735,02/04/2025 15:07,02/04/2025 17:46,USOUSD,Buy,0.050,0.00000,0.00000,70.94000,71.56100,0.0000,0.0000,62.1,31.05,1.21,"",0,00:02:39:42,,,,,,,,,,,,
,33519021,02/04/2025 13:49,02/04/2025 14:27,XAUUSD,Buy,0.050,0.00000,0.00000,3116.30000,3123.84000,0.0000,0.0000,754.0,37.70,1.49,"",0,00:00:37:44,100.0,37m,442.0,0.00,1196.0,59.800000000000004,0.0,0.0,100.0,63.0,-442.00,-22.10
,32887822,01/04/2025 13:15,02/04/2025 12:27,USOUSD,Sell,0.050,0.00000,0.00000,72.01000,71.29000,0.0000,0.0000,72.0,36.00,1.44,"",0,00:23:12:43,,,,,,,,,,,,
,32543700,31/03/2025 23:01,02/04/2025 12:27,USOUSD,Sell,0.200,0.00000,0.00000,71.53900,71.27000,0.0000,0.0000,26.9,53.80,2.20,"",0,01:13:26:38,,,,,,,,,,,,
,33375734,02/04/2025 09:08,02/04/2025 12:27,XAUUSD,Buy,0.040,0.00000,0.00000,3116.61000,3130.77000,0.0000,0.0000,1416.0,56.64,2.37,"",0,00:03:19:43,92.5,3h 4m,1934.0,0.33,1450.0,58.0,-484.0,-19.36,75.0,98.2,-34.00,-1.36
,32093698,31/03/2025 05:28,02/04/2025 09:08,XAUUSD,Sell,0.020,0.00000,0.00000,3099.66000,3116.41000,0.0000,0.0000,-1675.0,-33.50,-1.38,"",0,02:03:39:28,0.0,0s,4805.0,5000.00,0.0,0.0,-4805.0,-96.10000000000001,0.0,65.1,-1675.00,-33.50
,31441729,28/03/2025 05:07,02/04/2025 09:08,XAUUSD,Sell,0.030,0.00000,0.00000,3076.48000,3116.31000,0.0000,0.0000,-3983.0,-119.49,-4.70,"",0,05:04:00:43,4.5,5h 34m,8000.0,6.94,1008.0,30.24,-6992.0,-209.76,12.6,37.6,-4991.00,-149.73
,32197687,31/03/2025 09:06,02/04/2025 09:07,XAUUSD,Sell,0.050,0.00000,0.00000,3118.99000,3116.67000,0.0000,0.0000,232.0,11.60,0.46,"",0,02:00:01:22,34.9,16h 45m,4358.0,1.75,1641.0,82.05000000000001,-2872.0,-143.6,36.4,68.8,-1409.00,-70.45
,33265549,02/04/2025 04:47,02/04/2025 09:07,XAUUSD,Sell,0.050,0.00000,0.00000,3132.56000,3116.60000,0.0000,0.0000,1596.0,79.80,3.25,"",0,00:04:20:40,96.2,4h 10m,2074.0,0.02,2042.0,102.10000000000001,-32.0,-1.6,98.5,78.5,-446.00,-22.30
,33083233,01/04/2025 18:46,02/04/2025 04:12,XAUUSD,Buy,0.030,0.00000,0.00000,3123.93000,3132.39000,0.0000,0.0000,846.0,25.38,1.05,"",0,00:09:26:21,34.6,3h 15m,1611.0,1.60,1008.0,30.24,-1611.0,-48.33,38.5,93.8,-162.00,-4.86
,33128332,01/04/2025 19:39,02/04/2025 04:12,XAUUSD,Buy,0.030,0.00000,0.00000,3109.94000,3132.29000,0.0000,0.0000,2235.0,67.05,2.84,"",0,00:08:33:22,99.1,8h 28m,1177.0,0.09,2407.0,72.21,-212.0,-6.359999999999999,91.9,93.4,-172.00,-5.16
,32711372,01/04/2025 07:35,01/04/2025 18:44,XAUUSD,Sell,0.030,0.00000,0.00000,3144.71000,3120.76000,0.0000,0.0000,2395.0,71.85,3.14,"",0,00:11:09:37,100.0,11h 9m,1921.0,0.00,4316.0,129.48,0.0,0.0,100.0,55.5,-1921.00,-57.63
,32536046,31/03/2025 22:18,01/04/2025 16:53,USOUSD,Buy,0.030,0.00000,0.00000,71.68800,72.01000,0.0000,0.0000,32.2,9.66,0.42,"",0,00:18:35:24,,,,,,,,,,,,
,28467322,01/04/2025 13:19,,,Withdrawal,0.000,0.00000,0.00000,0.00000,0.00000,0.0000,0.0000,0.0,-1100.00,0,"Withdraw-TH-CPS",0,00:00:00:00,,,,,,,,,,,,
,32281478,31/03/2025 12:32,01/04/2025 05:31,XAUUSD,Buy,0.030,0.00000,0.00000,3119.20000,3142.78000,0.0000,0.0000,2358.0,70.74,2.14,"",0,00:16:58:15,79.0,13h 24m,2043.0,0.53,2851.0,85.53,-1507.0,-45.21,65.4,88.7,-493.00,-14.79
,32507769,31/03/2025 19:48,31/03/2025 22:18,USOUSD,Sell,0.100,0.00000,0.00000,71.92000,71.68800,0.0000,0.0000,23.2,23.20,0.71,"",0,00:02:29:23,,,,,,,,,,,,
,32492222,31/03/2025 18:57,31/03/2025 19:49,USOUSD,Buy,0.050,0.00000,71.95500,71.59800,71.95400,0.0000,0.0000,35.6,17.80,0.54,"[tp 71.955]",0,00:00:52:18,,,,,,,,,,,,
,32458287,31/03/2025 17:45,31/03/2025 18:56,USOUSD,Sell,0.100,71.60800,0.00000,71.09900,71.60800,0.0000,0.0000,-50.9,-50.90,-1.53,"[sl 71.608]",0,00:01:10:54,,,,,,,,,,,,
,32476681,31/03/2025 18:21,31/03/2025 18:54,USOUSD,Buy,0.020,0.00000,71.51700,71.21800,71.51900,0.0000,0.0000,30.1,6.02,0.18,"[tp 71.517]",0,00:00:32:23,,,,,,,,,,,,
,30283436,26/03/2025 01:10,31/03/2025 18:17,USOUSD,Buy,0.010,0.00000,0.00000,69.50000,71.09900,0.0000,0.0000,159.9,15.99,0.49,"",123456,05:17:07:43,,,,,,,,,,,,
,30283430,26/03/2025 01:10,31/03/2025 18:17,USOUSD,Buy,0.010,0.00000,0.00000,69.50000,71.09900,0.0000,0.0000,159.9,15.99,0.49,"",123456,05:17:07:42,,,,,,,,,,,,
,30283426,26/03/2025 01:10,31/03/2025 18:17,USOUSD,Buy,0.010,0.00000,0.00000,69.50000,71.09900,0.0000,0.0000,159.9,15.99,0.49,"",123456,05:17:07:41,,,,,,,,,,,,
,30283422,26/03/2025 01:10,31/03/2025 18:17,USOUSD,Buy,0.010,0.00000,0.00000,69.50000,71.09900,0.0000,0.0000,159.9,15.99,0.49,"",123456,05:17:07:41,,,,,,,,,,,,
,30283443,26/03/2025 01:10,31/03/2025 18:17,USOUSD,Buy,0.010,0.00000,0.00000,69.49500,71.10900,0.0000,0.0000,161.4,16.14,0.50,"",123456,05:17:07:36,,,,,,,,,,,,
,30283440,26/03/2025 01:10,31/03/2025 18:17,USOUSD,Buy,0.010,0.00000,0.00000,69.49500,71.10900,0.0000,0.0000,161.4,16.14,0.50,"",123456,05:17:07:35,,,,,,,,,,,,
,30283437,26/03/2025 01:10,31/03/2025 18:17,USOUSD,Buy,0.010,0.00000,0.00000,69.50000,71.10900,0.0000,0.0000,160.9,16.09,0.50,"",123456,05:17:07:34,,,,,,,,,,,,
,30283432,26/03/2025 01:10,31/03/2025 18:17,USOUSD,Buy,0.010,0.00000,0.00000,69.49500,71.10900,0.0000,0.0000,161.4,16.14,0.51,"",123456,05:17:07:35,,,,,,,,,,,,
,30283434,26/03/2025 01:10,31/03/2025 18:17,USOUSD,Buy,0.010,0.00000,0.00000,69.49500,71.10900,0.0000,0.0000,161.4,16.14,0.51,"",123456,05:17:07:34,,,,,,,,,,,,
,30283439,26/03/2025 01:10,31/03/2025 18:17,USOUSD,Buy,0.010,0.00000,0.00000,69.50000,71.10900,0.0000,0.0000,160.9,16.09,0.51,"",123456,05:17:07:32,,,,,,,,,,,,
,30283451,26/03/2025 01:10,31/03/2025 18:17,USOUSD,Buy,0.010,0.00000,0.00000,69.49500,71.10400,0.0000,0.0000,160.9,16.09,0.51,"",123456,05:17:07:29,,,,,,,,,,,,
,30283454,26/03/2025 01:10,31/03/2025 18:17,USOUSD,Buy,0.010,0.00000,0.00000,69.49500,71.10400,0.0000,0.0000,160.9,16.09,0.52,"",123456,05:17:07:28,,,,,,,,,,,,
,30283445,26/03/2025 01:10,31/03/2025 18:17,USOUSD,Buy,0.010,0.00000,0.00000,69.49500,71.10400,0.0000,0.0000,160.9,16.09,0.52,"",123456,05:17:07:28,,,,,,,,,,,,
,30283448,26/03/2025 01:10,31/03/2025 18:17,USOUSD,Buy,0.010,0.00000,0.00000,69.49500,71.10400,0.0000,0.0000,160.9,16.09,0.52,"",123456,05:17:07:27,,,,,,,,,,,,
,30283446,26/03/2025 01:10,31/03/2025 18:17,USOUSD,Buy,0.010,0.00000,0.00000,69.49500,71.10400,0.0000,0.0000,160.9,16.09,0.52,"",123456,05:17:07:27,,,,,,,,,,,,
,30283444,26/03/2025 01:10,31/03/2025 18:17,USOUSD,Buy,0.010,0.00000,0.00000,69.49500,71.10400,0.0000,0.0000,160.9,16.09,0.53,"",123456,05:17:07:26,,,,,,,,,,,,
,30283450,26/03/2025 01:10,31/03/2025 18:17,USOUSD,Buy,0.010,0.00000,0.00000,69.49500,71.09900,0.0000,0.0000,160.4,16.04,0.53,"",123456,05:17:07:22,,,,,,,,,,,,
,30283452,26/03/2025 01:10,31/03/2025 18:17,USOUSD,Buy,0.010,0.00000,0.00000,69.49500,71.09900,0.0000,0.0000,160.4,16.04,0.53,"",123456,05:17:07:21,,,,,,,,,,,,
,30283456,26/03/2025 01:10,31/03/2025 18:17,USOUSD,Buy,0.010,0.00000,0.00000,69.49500,71.09900,0.0000,0.0000,160.4,16.04,0.53,"",123456,05:17:07:18,,,,,,,,,,,,
,30283458,26/03/2025 01:10,31/03/2025 18:17,USOUSD,Buy,0.010,0.00000,0.00000,69.49500,71.09900,0.0000,0.0000,160.4,16.04,0.54,"",123456,05:17:07:17,,,,,,,,,,,,
,30283457,26/03/2025 01:10,31/03/2025 18:17,USOUSD,Buy,0.010,0.00000,0.00000,69.49500,71.09900,0.0000,0.0000,160.4,16.04,0.54,"",123456,05:17:07:17,,,,,,,,,,,,
,30283460,26/03/2025 01:10,31/03/2025 18:17,USOUSD,Buy,0.010,0.00000,0.00000,69.49500,71.08900,0.0000,0.0000,159.4,15.94,0.54,"",123456,05:17:07:15,,,,,,,,,,,,
,30283459,26/03/2025 01:10,31/03/2025 18:17,USOUSD,Buy,0.010,0.00000,0.00000,69.49500,71.09900,0.0000,0.0000,160.4,16.04,0.55,"",123456,05:17:07:16,,,,,,,,,,,,
,30283463,26/03/2025 01:10,31/03/2025 18:17,USOUSD,Buy,0.010,0.00000,0.00000,69.49500,71.08900,0.0000,0.0000,159.4,15.94,0.54,"",123456,05:17:07:14,,,,,,,,,,,,
,30283462,26/03/2025 01:10,31/03/2025 18:17,USOUSD,Buy,0.010,0.00000,0.00000,69.49500,71.08900,0.0000,0.0000,159.4,15.94,0.55,"",123456,05:17:07:14,,,,,,,,,,,,
,30283466,26/03/2025 01:10,31/03/2025 18:17,USOUSD,Buy,0.010,0.00000,0.00000,69.49500,71.07900,0.0000,0.0000,158.4,15.84,0.55,"",123456,05:17:07:11,,,,,,,,,,,,
,30283465,26/03/2025 01:10,31/03/2025 18:17,USOUSD,Buy,0.010,0.00000,0.00000,69.49500,71.08900,0.0000,0.0000,159.4,15.94,0.55,"",123456,05:17:07:11,,,,,,,,,,,,
,30283464,26/03/2025 01:10,31/03/2025 18:17,USOUSD,Buy,0.010,0.00000,0.00000,69.49500,71.08900,0.0000,0.0000,159.4,15.94,0.56,"",123456,05:17:07:11,,,,,,,,,,,,
,30283467,26/03/2025 01:10,31/03/2025 18:17,USOUSD,Buy,0.010,0.00000,0.00000,69.49500,71.07900,0.0000,0.0000,158.4,15.84,0.56,"",123456,05:17:07:10,,,,,,,,,,,,
,30283468,26/03/2025 01:10,31/03/2025 18:17,USOUSD,Buy,0.010,0.00000,0.00000,69.49500,71.07900,0.0000,0.0000,158.4,15.84,0.56,"",123456,05:17:07:08,,,,,,,,,,,,
,30283471,26/03/2025 01:10,31/03/2025 18:17,USOUSD,Buy,0.010,0.00000,0.00000,69.49500,71.07900,0.0000,0.0000,158.4,15.84,0.56,"",123456,05:17:07:07,,,,,,,,,,,,
,31445067,28/03/2025 05:14,31/03/2025 16:57,USOUSD,Buy,0.030,0.00000,70.44900,70.04600,70.43900,0.0000,0.0000,39.3,11.79,0.42,"[tp 70.449]",0,03:11:43:19,,,,,,,,,,,,
,32281638,31/03/2025 16:45,31/03/2025 16:53,XAUUSD,Buy,0.030,0.00000,0.00000,3100.97000,3109.14000,0.0000,0.0000,817.0,24.51,0.88,"",0,00:00:08:01,,,,,,,,,,,,
,32294816,31/03/2025 13:03,31/03/2025 16:40,USOUSD,Buy,0.050,0.00000,0.00000,69.60300,69.93900,0.0000,0.0000,33.6,16.80,0.61,"",0,00:03:37:17,,,,,,,,,,,,
,31309434,28/03/2025 19:09,31/03/2025 11:38,USOUSD,Buy,0.050,0.00000,0.00000,69.21600,69.89900,0.0000,0.0000,68.3,34.15,1.25,"",0,02:16:28:39,,,,,,,,,,,,
,31791897,28/03/2025 17:30,31/03/2025 11:07,USOUSD,Buy,0.040,0.00000,70.15400,69.64600,70.15900,0.0000,0.0000,51.3,20.52,0.76,"[tp 70.154]",0,02:17:36:53,,,,,,,,,,,,
,31793256,28/03/2025 17:32,31/03/2025 11:07,USOUSD,Buy,0.040,0.00000,70.12500,69.48600,70.13900,0.0000,0.0000,65.3,26.12,0.97,"[tp 70.125]",0,02:17:35:13,,,,,,,,,,,,
,32093344,31/03/2025 05:28,31/03/2025 08:53,XAUUSD,Buy,0.020,0.00000,3117.31000,3100.85000,3117.25000,0.0000,0.0000,1640.0,32.80,1.24,"[tp 3117.31]",0,00:03:25:33,100.0,3h 25m,1129.0,0.00,2585.0,51.7,0.0,0.0,100.0,63.4,-945.00,-18.90
,32012076,31/03/2025 02:17,31/03/2025 05:27,XAUUSD,Buy,0.030,0.00000,0.00000,3089.71000,3102.07000,0.0000,0.0000,1236.0,37.08,1.42,"",0,00:03:09:51,100.0,3h 9m,1331.0,0.00,2567.0,77.00999999999999,0.0,0.0,100.0,48.1,-1331.00,-39.93
,31269823,27/03/2025 17:45,31/03/2025 05:22,XAUUSD,Sell,0.050,3104.03000,0.00000,3056.25000,3104.05000,0.0000,0.0000,-4780.0,-239.00,-8.38,"[sl 3104.03]",0,03:11:36:26,3.8,3h 10m,6062.0,17.15,334.0,16.7,-5728.0,-286.40000000000003,5.5,15.6,-5114.00,-255.70
,31543005,28/03/2025 10:10,31/03/2025 01:06,XAUUSD,Buy,0.030,0.00000,3094.83000,3083.91000,3094.91000,0.0000,0.0000,1100.0,33.00,1.17,"[tp 3094.83]",0,02:14:56:17,5.1,3h 12m,1672.0,1.21,1195.0,35.85,-1444.0,-43.32,45.3,96.4,-95.00,-2.85
,28849939,24/03/2025 01:00,28/03/2025 17:13,VIX.R,Buy,0.100,0.00000,0.00000,19.16700,19.74400,0.0000,0.0000,0.6,57.70,2.09,"",0,04:16:13:45,,,,,,,,,,,,
,29447593,24/03/2025 16:35,28/03/2025 17:13,VIX.R,Buy,0.100,0.00000,0.00000,18.70700,19.74400,0.0000,0.0000,1.0,103.70,3.90,"",0,04:00:38:37,,,,,,,,,,,,
,29928491,25/03/2025 11:51,28/03/2025 17:13,VIX.R,Buy,0.100,0.00000,0.00000,18.14200,19.74400,0.0000,0.0000,1.6,160.20,6.42,"",0,03:05:21:56,,,,,,,,,,,,
,31558454,28/03/2025 10:45,28/03/2025 11:39,USOUSD,Buy,0.020,0.00000,70.00100,69.79700,70.00700,0.0000,0.0000,21.0,4.20,0.17,"[tp 70.001]",0,00:00:53:26,,,,,,,,,,,,
,31441959,28/03/2025 05:08,28/03/2025 10:10,XAUUSD,Buy,0.030,0.00000,0.00000,3076.17000,3082.62000,0.0000,0.0000,645.0,19.35,0.78,"",0,00:05:02:14,53.5,2h 41m,1920.0,1.04,943.0,28.29,-977.0,-29.31,49.1,84.5,-298.00,-8.94
,31444957,28/03/2025 05:13,28/03/2025 10:10,XAUUSD,Buy,0.030,0.00000,0.00000,3075.08000,3082.61000,0.0000,0.0000,753.0,22.59,0.92,"",0,00:04:56:16,58.0,2h 51m,1920.0,0.83,1052.0,31.56,-868.0,-26.04,54.8,84.4,-299.00,-8.97
,31417652,28/03/2025 04:15,28/03/2025 05:07,XAUUSD,Buy,0.030,0.00000,0.00000,3066.02000,3076.02000,0.0000,0.0000,1000.0,30.00,1.24,"",0,00:00:51:40,100.0,51m,160.0,0.00,1000.0,30.0,0.0,0.0,100.0,100.0,0.00,0.00
,31274745,27/03/2025 17:50,28/03/2025 05:07,XAUUSD,Buy,0.020,0.00000,0.00000,3059.08000,3076.00000,0.0000,0.0000,1692.0,33.84,1.42,"",0,00:11:16:51,45.2,5h 5m,647.0,0.34,1771.0,35.42,-598.0,-11.96,74.8,96.7,-79.00,-1.58
,31309085,27/03/2025 18:56,27/03/2025 19:06,USOUSD,Buy,0.050,0.00000,0.00000,69.79600,69.93700,0.0000,0.0000,14.1,7.05,0.30,"",0,00:00:10:08,,,,,,,,,,,,
,27636382,20/03/2025 03:13,27/03/2025 17:47,XAUUSD,Buy,0.010,0.00000,0.00000,3052.98000,3056.10000,0.0000,0.0000,312.0,3.12,0.13,"",0,07:14:34:05,1.6,2h 55m,5329.0,9.60,515.0,5.15,-4942.0,-49.42,9.4,96.3,-203.00,-2.03
,31267220,27/03/2025 17:43,27/03/2025 17:47,XAUUSD,Buy,0.020,0.00000,0.00000,3054.43000,3056.10000,0.0000,0.0000,167.0,3.34,0.14,"",0,00:00:04:13,25.0,1m,431.0,2.58,167.0,3.34,-431.0,-8.620000000000001,27.9,100.0,0.00,0.00
,31242927,27/03/2025 17:11,27/03/2025 17:43,XAUUSD,Buy,0.020,0.00000,0.00000,3046.27000,3054.44000,0.0000,0.0000,817.0,16.34,0.69,"",0,00:00:31:15,100.0,31m,359.0,0.00,817.0,16.34,0.0,0.0,100.0,100.0,0.00,0.00
,31190040,27/03/2025 16:20,27/03/2025 17:11,XAUUSD,Buy,0.030,0.00000,0.00000,3041.91000,3046.04000,0.0000,0.0000,413.0,12.39,0.53,"",0,00:00:51:05,100.0,51m,764.0,0.00,1177.0,35.309999999999995,0.0,0.0,100.0,35.1,-764.00,-22.92
,31185896,27/03/2025 16:37,27/03/2025 17:03,XAUUSD,Buy,0.030,0.00000,0.00000,3035.82000,3043.09000,0.0000,0.0000,727.0,21.81,0.94,"",0,00:00:25:36,100.0,25m,832.0,0.00,1559.0,46.769999999999996,0.0,0.0,100.0,46.6,-832.00,-24.96
,27819227,20/03/2025 08:56,27/03/2025 13:19,XAUUSD,Buy,0.010,0.00000,0.00000,3045.80000,3050.02000,0.0000,0.0000,422.0,4.22,0.18,"",0,07:04:23:24,2.2,3h 47m,4279.0,4.78,883.0,8.83,-4224.0,-42.24,17.3,91.0,-461.00,-4.61
,27919296,20/03/2025 11:36,27/03/2025 13:19,XAUUSD,Buy,0.010,0.00000,0.00000,3042.19000,3050.19000,0.0000,0.0000,800.0,8.00,0.35,"",0,07:01:43:11,6.5,11h 1m,4279.0,3.11,1244.0,12.44,-3863.0,-38.63,24.4,91.3,-444.00,-4.44
,31046950,27/03/2025 11:52,27/03/2025 13:11,USOUSD,Buy,0.030,0.00000,0.00000,69.48600,69.71200,0.0000,0.0000,22.6,6.78,0.29,"",0,00:01:18:35,,,,,,,,,,,,
,30942393,27/03/2025 07:48,27/03/2025 13:07,XAUUSD,Buy,0.020,0.00000,3044.41000,3033.23000,3044.63000,0.0000,0.0000,1140.0,22.80,1.00,"[tp 3044.41]",0,00:05:19:15,100.0,5h 19m,1106.0,0.00,2246.0,44.92,0.0,0.0,100.0,50.8,-1106.00,-22.12
,30667687,26/03/2025 17:04,27/03/2025 13:07,XAUUSD,Buy,0.030,0.00000,3044.55000,3015.56000,3044.63000,0.0000,0.0000,2907.0,87.21,3.98,"[tp 3044.55]",0,00:20:03:29,100.0,20h 3m,1020.0,0.00,3927.0,117.81,0.0,0.0,100.0,74.0,-1020.00,-30.60
,30188422,25/03/2025 18:19,27/03/2025 13:07,XAUUSD,Buy,0.030,0.00000,3044.55000,3021.56000,3044.63000,0.0000,0.0000,2307.0,69.21,3.26,"[tp 3044.55]",0,01:18:48:39,51.4,22h 0m,1767.0,0.24,3327.0,99.81,-808.0,-24.24,80.5,75.3,-1020.00,-30.60
,28435906,21/03/2025 05:54,27/03/2025 13:07,XAUUSD,Buy,0.010,0.00000,3044.55000,3034.44000,3044.63000,0.0000,0.0000,1019.0,10.19,0.48,"[tp 3044.55]",0,06:07:13:29,5.0,7h 33m,3230.0,1.53,2019.0,20.19,-3088.0,-30.88,39.5,80.4,-1000.00,-10.00
,28411061,21/03/2025 06:26,27/03/2025 13:07,XAUUSD,Buy,0.010,0.00000,3044.41000,3030.83000,3044.63000,0.0000,0.0000,1380.0,13.80,0.66,"[tp 3044.41]",0,06:06:40:47,10.0,15h 4m,3230.0,1.15,2380.0,23.8,-2727.0,-27.27,46.6,80.4,-1000.00,-10.00
,30283477,26/03/2025 01:10,26/03/2025 16:32,USOUSD,Buy,0.010,0.00000,0.00000,69.51500,69.97600,0.0000,0.0000,46.1,4.61,0.22,"",123456,00:15:22:21,,,,,,,,,,,,
,29947209,25/03/2025 12:34,26/03/2025 16:32,USOUSD,Buy,0.010,0.00000,69.96500,69.68400,69.95600,0.0000,0.0000,27.2,2.72,0.13,"[tp 69.965]",0,01:03:58:01,,,,,,,,,,,,
,30202733,25/03/2025 18:37,26/03/2025 03:47,USOUSD,Buy,0.010,0.00000,0.00000,69.20400,69.46600,0.0000,0.0000,26.2,2.62,0.13,"",0,00:09:10:12,,,,,,,,,,,,
,30217852,25/03/2025 19:14,26/03/2025 01:14,USOUSD,Buy,0.010,0.00000,69.54300,68.84400,69.54600,0.0000,0.0000,70.2,7.02,0.34,"[tp 69.543]",0,00:06:00:23,,,,,,,,,,,,
,28509876,21/03/2025 08:42,25/03/2025 16:37,XAUUSD,Buy,0.010,0.00000,3028.90000,3022.06000,3028.85000,0.0000,0.0000,679.0,6.79,0.33,"[tp 3028.90]",0,04:07:54:54,73.1,3d 3h ,3777.0,1.48,1523.0,15.23,-2254.0,-22.54,40.3,77.7,-844.00,-8.44
,30027745,25/03/2025 15:22,25/03/2025 16:36,XAUUSD,Buy,0.010,0.00000,3028.34000,3015.60000,3028.40000,0.0000,0.0000,1280.0,12.80,0.62,"[tp 3028.34]",0,00:01:14:01,100.0,1h 14m,412.0,0.00,1280.0,12.8,0.0,0.0,100.0,100.0,0.00,0.00
,29846463,25/03/2025 09:31,25/03/2025 11:53,USOUSD,Buy,0.010,0.00000,0.00000,69.15400,69.59500,0.0000,0.0000,44.1,4.41,0.21,"",0,00:02:22:23,,,,,,,,,,,,
,29505758,24/03/2025 17:33,25/03/2025 11:52,XAUUSD,Buy,0.020,0.00000,0.00000,3013.52000,3021.00000,0.0000,0.0000,748.0,14.96,0.73,"",0,00:18:19:35,46.9,8h 35m,996.0,0.85,1172.0,23.44,-996.0,-19.92,54.1,80.4,-424.00,-8.48
,29523550,24/03/2025 21:12,25/03/2025 11:52,XAUUSD,Buy,0.020,0.00000,0.00000,3002.75000,3021.01000,0.0000,0.0000,1826.0,36.52,1.82,"",0,00:14:40:46,95.5,14h 1m,893.0,0.00,2249.0,44.980000000000004,0.0,0.0,100.0,81.2,-423.00,-8.46
,29419664,24/03/2025 15:57,24/03/2025 17:01,USOUSD,Buy,0.010,0.00000,68.97800,68.61900,68.98500,0.0000,0.0000,36.6,3.66,0.18,"[tp 68.978]",0,00:01:04:07,,,,,,,,,,,,
,29364999,24/03/2025 14:04,24/03/2025 15:16,USOUSD,Sell,0.010,0.00000,0.00000,69.10500,68.93400,0.0000,0.0000,17.1,1.71,0.09,"",0,00:01:12:11,,,,,,,,,,,,
,28435787,21/03/2025 05:53,24/03/2025 13:14,USOUSD,Buy,0.010,0.00000,68.97100,68.62200,68.97500,0.0000,0.0000,35.3,3.53,0.18,"[tp 68.971]",0,03:07:21:02,,,,,,,,,,,,
,28825680,21/03/2025 16:52,24/03/2025 10:28,XAUUSD,Buy,0.010,0.00000,0.00000,3013.18000,3025.36000,0.0000,0.0000,1218.0,12.18,0.61,"",0,02:17:35:40,100.0,2d 17h ,698.0,0.00,1776.0,17.76,0.0,0.0,100.0,68.6,-558.00,-5.58
,28804515,21/03/2025 16:38,24/03/2025 10:28,XAUUSD,Buy,0.020,0.00000,0.00000,3017.73000,3025.41000,0.0000,0.0000,768.0,15.36,0.78,"",0,02:17:49:24,97.2,2d 15h ,698.0,0.32,1321.0,26.42,-425.0,-8.5,75.7,68.3,-553.00,-11.06
,28844071,21/03/2025 17:09,24/03/2025 10:28,XAUUSD,Buy,0.020,0.00000,0.00000,3001.72000,3025.42000,0.0000,0.0000,2370.0,47.40,2.46,"",0,02:17:18:56,100.0,2d 17h ,698.0,0.00,2922.0,58.44,0.0,0.0,100.0,81.1,-552.00,-11.04
,28669077,21/03/2025 12:52,21/03/2025 17:46,USOUSD,Buy,0.010,0.00000,0.00000,68.21200,68.40300,0.0000,0.0000,19.1,1.91,0.10,"",0,00:04:54:24,,,,,,,,,,,,
,28770170,21/03/2025 16:10,21/03/2025 17:04,USOUSD,Buy,0.020,0.00000,0.00000,68.08700,68.16300,0.0000,0.0000,7.6,1.52,0.08,"",0,00:00:53:29,,,,,,,,,,,,
,28551529,21/03/2025 09:17,21/03/2025 16:03,VIX.R,Buy,0.100,0.00000,0.00000,19.26700,19.99400,0.0000,0.0000,0.7,72.70,3.93,"",0,00:06:46:07,,,,,,,,,,,,
,28549153,21/03/2025 09:13,21/03/2025 09:13,VIX.R,Sell,0.100,0.00000,0.00000,19.18400,19.26700,0.0000,0.0000,-0.1,-8.30,-0.45,"",0,00:00:00:26,,,,,,,,,,,,
,28320569,21/03/2025 01:13,21/03/2025 05:07,XAUUSD,Sell,0.020,0.00000,0.00000,3044.27000,3036.75000,0.0000,0.0000,752.0,15.04,0.82,"",0,00:03:53:50,100.0,3h 53m,610.0,0.00,1362.0,27.240000000000002,0.0,0.0,100.0,55.2,-610.00,-12.20
,27174239,19/03/2025 14:45,21/03/2025 03:39,USOUSD,Buy,0.010,0.00000,0.00000,67.00000,68.78300,0.0000,0.0000,178.3,17.83,0.98,"",290433,01:12:54:24,,,,,,,,,,,,
,26458748,18/03/2025 15:41,21/03/2025 03:39,USOUSD,Buy,0.010,0.00000,0.00000,68.52000,68.78300,0.0000,0.0000,26.3,2.63,0.14,"",0,02:11:58:25,,,,,,,,,,,,
,25339361,17/03/2025 05:58,21/03/2025 03:39,USOUSD,Buy,0.010,0.00000,0.00000,67.75000,68.78300,0.0000,0.0000,103.3,10.33,0.57,"",290433,03:21:41:34,,,,,,,,,,,,
,25339360,17/03/2025 05:58,21/03/2025 03:39,USOUSD,Buy,0.010,0.00000,0.00000,67.75000,68.78300,0.0000,0.0000,103.3,10.33,0.57,"",290433,03:21:41:34,,,,,,,,,,,,
,25339359,17/03/2025 05:58,21/03/2025 03:39,USOUSD,Buy,0.010,0.00000,0.00000,67.75000,68.78300,0.0000,0.0000,103.3,10.33,0.58,"",290433,03:21:41:34,,,,,,,,,,,,
,25339358,17/03/2025 05:58,21/03/2025 03:39,USOUSD,Buy,0.010,0.00000,0.00000,67.75000,68.78300,0.0000,0.0000,103.3,10.33,0.58,"",290433,03:21:41:34,,,,,,,,,,,,
,25339357,17/03/2025 05:58,21/03/2025 03:39,USOUSD,Buy,0.010,0.00000,0.00000,67.75000,68.78300,0.0000,0.0000,103.3,10.33,0.58,"",290433,03:21:41:35,,,,,,,,,,,,
,25339356,17/03/2025 05:58,21/03/2025 03:39,USOUSD,Buy,0.010,0.00000,0.00000,67.75000,68.78300,0.0000,0.0000,103.3,10.33,0.59,"",290433,03:21:41:35,,,,,,,,,,,,
,25339355,17/03/2025 05:58,21/03/2025 03:39,USOUSD,Buy,0.010,0.00000,0.00000,67.75000,68.78300,0.0000,0.0000,103.3,10.33,0.59,"",290433,03:21:41:35,,,,,,,,,,,,
,25339354,17/03/2025 05:58,21/03/2025 03:39,USOUSD,Buy,0.010,0.00000,0.00000,67.75000,68.78300,0.0000,0.0000,103.3,10.33,0.59,"",290433,03:21:41:35,,,,,,,,,,,,
,25339353,17/03/2025 05:58,21/03/2025 03:39,USOUSD,Buy,0.010,0.00000,0.00000,67.75000,68.78300,0.0000,0.0000,103.3,10.33,0.60,"",290433,03:21:41:35,,,,,,,,,,,,
,25339352,17/03/2025 05:58,21/03/2025 03:39,USOUSD,Buy,0.010,0.00000,0.00000,67.75000,68.78300,0.0000,0.0000,103.3,10.33,0.60,"",290433,03:21:41:35,,,,,,,,,,,,
,25339349,17/03/2025 05:58,21/03/2025 03:39,USOUSD,Buy,0.010,0.00000,0.00000,67.75000,68.78300,0.0000,0.0000,103.3,10.33,0.61,"",290433,03:21:41:35,,,,,,,,,,,,
,25339348,17/03/2025 05:58,21/03/2025 03:39,USOUSD,Buy,0.010,0.00000,0.00000,67.75000,68.78300,0.0000,0.0000,103.3,10.33,0.61,"",290433,03:21:41:35,,,,,,,,,,,,
,25339347,17/03/2025 05:58,21/03/2025 03:39,USOUSD,Buy,0.010,0.00000,0.00000,67.75000,68.78300,0.0000,0.0000,103.3,10.33,0.61,"",290433,03:21:41:36,,,,,,,,,,,,
,25339346,17/03/2025 05:58,21/03/2025 03:39,USOUSD,Buy,0.010,0.00000,0.00000,67.75000,68.78300,0.0000,0.0000,103.3,10.33,0.62,"",290433,03:21:41:36,,,,,,,,,,,,
,25339345,17/03/2025 05:58,21/03/2025 03:39,USOUSD,Buy,0.010,0.00000,0.00000,67.75000,68.78300,0.0000,0.0000,103.3,10.33,0.62,"",290433,03:21:41:35,,,,,,,,,,,,
,25339342,17/03/2025 05:58,21/03/2025 03:39,USOUSD,Buy,0.010,0.00000,0.00000,67.75000,68.78300,0.0000,0.0000,103.3,10.33,0.62,"",290433,03:21:41:35,,,,,,,,,,,,
,25339334,17/03/2025 05:58,21/03/2025 03:39,USOUSD,Buy,0.010,0.00000,0.00000,67.75000,68.78300,0.0000,0.0000,103.3,10.33,0.63,"",290433,03:21:41:35,,,,,,,,,,,,
,25339333,17/03/2025 05:58,21/03/2025 03:39,USOUSD,Buy,0.010,0.00000,0.00000,67.75000,68.78300,0.0000,0.0000,103.3,10.33,0.63,"",290433,03:21:41:35,,,,,,,,,,,,
,25339331,17/03/2025 05:58,21/03/2025 03:39,USOUSD,Buy,0.010,0.00000,0.00000,67.75000,68.78300,0.0000,0.0000,103.3,10.33,0.64,"",290433,03:21:41:35,,,,,,,,,,,,
,25339329,17/03/2025 05:58,21/03/2025 03:39,USOUSD,Buy,0.010,0.00000,0.00000,67.75000,68.78300,0.0000,0.0000,103.3,10.33,0.64,"",290433,03:21:41:35,,,,,,,,,,,,
,25339327,17/03/2025 05:58,21/03/2025 03:39,USOUSD,Buy,0.010,0.00000,0.00000,67.75000,68.78300,0.0000,0.0000,103.3,10.33,0.64,"",290433,03:21:41:36,,,,,,,,,,,,
,25339325,17/03/2025 05:58,21/03/2025 03:39,USOUSD,Buy,0.010,0.00000,0.00000,67.75000,68.78300,0.0000,0.0000,103.3,10.33,0.65,"",290433,03:21:41:36,,,,,,,,,,,,
,25339323,17/03/2025 05:58,21/03/2025 03:39,USOUSD,Buy,0.010,0.00000,0.00000,67.75000,68.78300,0.0000,0.0000,103.3,10.33,0.65,"",290433,03:21:41:36,,,,,,,,,,,,
,27174241,19/03/2025 14:45,21/03/2025 03:37,USOUSD,Buy,0.010,0.00000,0.00000,67.00000,68.81300,0.0000,0.0000,181.3,18.13,1.16,"",290433,01:12:51:53,,,,,,,,,,,,
,26480715,18/03/2025 16:03,21/03/2025 03:35,USOUSD,Buy,0.030,0.00000,0.00000,68.14000,68.79300,0.0000,0.0000,65.3,19.59,1.27,"",0,02:11:31:52,,,,,,,,,,,,
,27976426,20/03/2025 13:23,21/03/2025 01:12,XAUUSD,Buy,0.010,0.00000,0.00000,3032.02000,3044.21000,0.0000,0.0000,1219.0,12.19,0.80,"",0,00:11:49:17,98.8,11h 40m,796.0,0.12,1506.0,15.06,-180.0,-1.8,89.3,83.0,-287.00,-2.87
,27910704,20/03/2025 13:36,21/03/2025 01:12,XAUUSD,Buy,0.030,0.00000,0.00000,3026.38000,3044.22000,0.0000,0.0000,1784.0,53.52,3.62,"",0,00:11:36:38,100.0,11h 36m,796.0,0.00,2070.0,62.099999999999994,0.0,0.0,100.0,86.2,-286.00,-8.58
,26569170,18/03/2025 18:47,20/03/2025 17:14,USOUSD,Buy,0.020,0.00000,0.00000,67.52000,67.86200,0.0000,0.0000,34.2,6.84,0.46,"",0,01:22:26:51,,,,,,,,,,,,
,25341175,18/03/2025 19:33,20/03/2025 17:13,USOUSD,Buy,0.050,0.00000,0.00000,67.06000,67.94700,0.0000,0.0000,88.7,44.35,3.10,"",0,01:21:39:58,,,,,,,,,,,,
,27262163,19/03/2025 16:33,19/03/2025 22:10,XAUUSD,Buy,0.010,0.00000,3049.78000,3032.40000,3050.62000,0.0000,0.0000,1822.0,18.22,1.29,"[tp 3049.78]",0,00:05:37:41,89.8,5h 3m,658.0,0.15,1822.0,18.22,-281.0,-2.81,86.6,100.0,0.00,0.00
,27265445,19/03/2025 16:34,19/03/2025 22:10,XAUUSD,Buy,0.010,0.00000,3049.73000,3029.92000,3049.73000,0.0000,0.0000,1981.0,19.81,1.42,"[tp 3049.73]",0,00:05:35:52,98.6,5h 31m,658.0,0.02,2004.0,20.04,-33.0,-0.33,98.4,98.9,-23.00,-0.23
,27157161,19/03/2025 14:17,19/03/2025 22:09,XAUUSD,Buy,0.010,0.00000,3048.74000,3037.13000,3048.91000,0.0000,0.0000,1178.0,11.78,0.85,"[tp 3048.74]",0,00:07:51:25,54.3,4h 15m,981.0,0.76,1283.0,12.83,-981.0,-9.81,56.7,95.4,-105.00,-1.05
,27090549,19/03/2025 12:04,19/03/2025 14:13,XAUUSD,Buy,0.020,0.00000,0.00000,3026.67000,3035.80000,0.0000,0.0000,913.0,18.26,1.34,"",0,00:02:09:23,100.0,2h 9m,1225.0,0.00,1332.0,26.64,0.0,0.0,100.0,68.5,-419.00,-8.38
,26954653,19/03/2025 09:53,19/03/2025 14:13,USOUSD,Buy,0.030,0.00000,0.00000,66.51100,66.90100,0.0000,0.0000,39.0,11.70,0.87,"",0,00:04:20:22,,,,,,,,,,,,
,26458255,18/03/2025 15:40,19/03/2025 08:41,XAUUSD,Buy,0.010,0.00000,0.00000,3032.22000,3041.03000,0.0000,0.0000,881.0,8.81,0.66,"",0,00:17:00:44,81.9,13h 55m,1617.0,0.35,1216.0,12.16,-430.0,-4.3,73.9,79.6,-335.00,-3.35
,26355317,18/03/2025 13:03,18/03/2025 15:40,XAUUSD,Buy,0.010,0.00000,0.00000,3021.41000,3031.95000,0.0000,0.0000,1054.0,10.54,0.79,"",0,00:02:37:03,100.0,2h 37m,1150.0,0.00,1585.0,15.85,0.0,0.0,100.0,66.5,-531.00,-5.31
,25339362,17/03/2025 05:58,18/03/2025 11:49,USOUSD,Buy,0.010,0.00000,0.00000,67.75000,68.47100,0.0000,0.0000,72.1,7.21,0.55,"",290433,01:05:51:16,,,,,,,,,,,,
,25800292,17/03/2025 17:55,18/03/2025 11:39,USOUSD,Buy,0.010,0.00000,0.00000,67.44900,68.39100,0.0000,0.0000,94.2,9.42,0.72,"",0,00:17:44:32,,,,,,,,,,,,
,26114030,18/03/2025 07:31,18/03/2025 11:27,XAUUSD,Buy,0.010,0.00000,3023.66000,3013.87000,3023.92000,0.0000,0.0000,1005.0,10.05,0.77,"[tp 3023.66]",0,00:03:56:28,100.0,3h 56m,907.0,0.00,1357.0,13.57,0.0,0.0,100.0,74.1,-352.00,-3.52
,25567440,17/03/2025 13:49,18/03/2025 03:39,XAUUSD,Buy,0.010,0.00000,0.00000,2998.35000,3002.23000,0.0000,0.0000,388.0,3.88,0.30,"",0,00:13:50:03,72.9,10h 5m,1195.0,0.63,1583.0,15.83,-993.0,-9.93,61.5,53.6,-1195.00,-11.95
,25653170,17/03/2025 15:30,18/03/2025 03:38,XAUUSD,Buy,0.010,0.00000,0.00000,2991.53000,3001.55000,0.0000,0.0000,1002.0,10.02,0.78,"",0,00:12:07:54,100.0,12h 7m,1263.0,0.00,2265.0,22.650000000000002,0.0,0.0,100.0,44.2,-1263.00,-12.63
,25681043,17/03/2025 15:55,18/03/2025 03:38,XAUUSD,Buy,0.010,0.00000,0.00000,2986.56000,3001.66000,0.0000,0.0000,1510.0,15.10,1.19,"",0,00:11:42:50,100.0,11h 42m,1252.0,0.00,2762.0,27.62,0.0,0.0,100.0,54.7,-1252.00,-12.52
,24903071,14/03/2025 17:06,17/03/2025 04:03,XAUUSD,Buy,0.030,0.00000,0.00000,2989.06000,2990.67000,0.0000,0.0000,161.0,4.83,0.38,"",0,02:10:56:40,6.4,3h 46m,822.0,1.28,477.0,14.309999999999999,-612.0,-18.36,43.8,71.0,-316.00,-9.48
,23960125,13/03/2025 10:41,17/03/2025 04:02,USOUSD,Buy,0.010,0.00000,0.00000,67.75000,68.31500,0.0000,0.0000,56.5,5.65,0.45,"",290433,03:17:21:28,,,,,,,,,,,,
,23960124,13/03/2025 10:41,17/03/2025 04:02,USOUSD,Buy,0.010,0.00000,0.00000,67.75000,68.31500,0.0000,0.0000,56.5,5.65,0.45,"",290433,03:17:21:28,,,,,,,,,,,,
,23960122,13/03/2025 10:41,17/03/2025 04:02,USOUSD,Buy,0.010,0.00000,0.00000,67.75000,68.31500,0.0000,0.0000,56.5,5.65,0.45,"",290433,03:17:21:28,,,,,,,,,,,,
,23960121,13/03/2025 10:41,17/03/2025 04:02,USOUSD,Buy,0.010,0.00000,0.00000,67.75000,68.31500,0.0000,0.0000,56.5,5.65,0.45,"",290433,03:17:21:28,,,,,,,,,,,,
,23960120,13/03/2025 10:41,17/03/2025 04:02,USOUSD,Buy,0.010,0.00000,0.00000,67.75000,68.31500,0.0000,0.0000,56.5,5.65,0.46,"",290433,03:17:21:28,,,,,,,,,,,,
,23960119,13/03/2025 10:41,17/03/2025 04:02,USOUSD,Buy,0.010,0.00000,0.00000,67.75000,68.31500,0.0000,0.0000,56.5,5.65,0.46,"",290433,03:17:21:28,,,,,,,,,,,,
,23960113,13/03/2025 10:41,17/03/2025 04:02,USOUSD,Buy,0.010,0.00000,0.00000,67.75000,68.31500,0.0000,0.0000,56.5,5.65,0.46,"",290433,03:17:21:28,,,,,,,,,,,,
,23960112,13/03/2025 10:41,17/03/2025 04:02,USOUSD,Buy,0.010,0.00000,0.00000,67.75000,68.31500,0.0000,0.0000,56.5,5.65,0.46,"",290433,03:17:21:29,,,,,,,,,,,,
,23960111,13/03/2025 10:41,17/03/2025 04:02,USOUSD,Buy,0.010,0.00000,0.00000,67.75000,68.31500,0.0000,0.0000,56.5,5.65,0.46,"",290433,03:17:21:29,,,,,,,,,,,,
,23960110,13/03/2025 10:41,17/03/2025 04:02,USOUSD,Buy,0.010,0.00000,0.00000,67.75000,68.31500,0.0000,0.0000,56.5,5.65,0.47,"",290433,03:17:21:29,,,,,,,,,,,,
,23960107,13/03/2025 10:41,17/03/2025 04:02,USOUSD,Buy,0.010,0.00000,0.00000,67.75000,68.31500,0.0000,0.0000,56.5,5.65,0.47,"",290433,03:17:21:29,,,,,,,,,,,,
,23960106,13/03/2025 10:41,17/03/2025 04:02,USOUSD,Buy,0.010,0.00000,0.00000,67.75000,68.31500,0.0000,0.0000,56.5,5.65,0.47,"",290433,03:17:21:29,,,,,,,,,,,,
,23960105,13/03/2025 10:41,17/03/2025 04:02,USOUSD,Buy,0.010,0.00000,0.00000,67.75000,68.31500,0.0000,0.0000,56.5,5.65,0.47,"",290433,03:17:21:29,,,,,,,,,,,,
,23960104,13/03/2025 10:41,17/03/2025 04:02,USOUSD,Buy,0.010,0.00000,0.00000,67.75000,68.31500,0.0000,0.0000,56.5,5.65,0.47,"",290433,03:17:21:29,,,,,,,,,,,,
,23960102,13/03/2025 10:41,17/03/2025 04:02,USOUSD,Buy,0.010,0.00000,0.00000,67.75000,68.31500,0.0000,0.0000,56.5,5.65,0.48,"",290433,03:17:21:30,,,,,,,,,,,,
,23960100,13/03/2025 10:41,17/03/2025 04:02,USOUSD,Buy,0.010,0.00000,0.00000,67.75000,68.31500,0.0000,0.0000,56.5,5.65,0.48,"",290433,03:17:21:30,,,,,,,,,,,,
,23960099,13/03/2025 10:41,17/03/2025 04:02,USOUSD,Buy,0.010,0.00000,0.00000,67.75000,68.31500,0.0000,0.0000,56.5,5.65,0.48,"",290433,03:17:21:30,,,,,,,,,,,,
,23960097,13/03/2025 10:41,17/03/2025 04:02,USOUSD,Buy,0.010,0.00000,0.00000,67.75000,68.31500,0.0000,0.0000,56.5,5.65,0.48,"",290433,03:17:21:30,,,,,,,,,,,,
,23960096,13/03/2025 10:41,17/03/2025 04:02,USOUSD,Buy,0.010,0.00000,0.00000,67.75000,68.31500,0.0000,0.0000,56.5,5.65,0.49,"",290433,03:17:21:30,,,,,,,,,,,,
,23960095,13/03/2025 10:41,17/03/2025 04:02,USOUSD,Buy,0.010,0.00000,0.00000,67.75000,68.31500,0.0000,0.0000,56.5,5.65,0.49,"",290433,03:17:21:30,,,,,,,,,,,,
,23960093,13/03/2025 10:41,17/03/2025 04:02,USOUSD,Buy,0.010,0.00000,0.00000,67.75000,68.31500,0.0000,0.0000,56.5,5.65,0.49,"",290433,03:17:21:30,,,,,,,,,,,,
,23960087,13/03/2025 10:41,17/03/2025 04:02,USOUSD,Buy,0.010,0.00000,0.00000,67.75000,68.31500,0.0000,0.0000,56.5,5.65,0.49,"",290433,03:17:21:30,,,,,,,,,,,,
,23960084,13/03/2025 10:41,17/03/2025 04:02,USOUSD,Buy,0.010,0.00000,0.00000,67.75000,68.31500,0.0000,0.0000,56.5,5.65,0.50,"",290433,03:17:21:31,,,,,,,,,,,,
,23960082,13/03/2025 10:41,17/03/2025 04:02,USOUSD,Buy,0.010,0.00000,0.00000,67.75000,68.31500,0.0000,0.0000,56.5,5.65,0.50,"",290433,03:17:21:31,,,,,,,,,,,,
,24516736,14/03/2025 05:37,17/03/2025 03:03,USOUSD,Buy,0.010,0.00000,0.00000,67.00000,67.72100,0.0000,0.0000,72.1,7.21,0.64,"",290433,02:21:25:24,,,,,,,,,,,,
,22242364,10/03/2025 12:14,13/03/2025 07:40,USOUSD,Buy,0.010,0.00000,0.00000,67.00000,67.56100,0.0000,0.0000,56.1,5.61,0.50,"",290433,02:19:25:14,,,,,,,,,,,,
,22242359,10/03/2025 12:14,13/03/2025 07:40,USOUSD,Buy,0.010,0.00000,0.00000,67.00000,67.56100,0.0000,0.0000,56.1,5.61,0.50,"",290433,02:19:25:14,,,,,,,,,,,,
,22242356,10/03/2025 12:14,13/03/2025 07:40,USOUSD,Buy,0.010,0.00000,0.00000,67.00000,67.56100,0.0000,0.0000,56.1,5.61,0.51,"",290433,02:19:25:14,,,,,,,,,,,,
,22242336,10/03/2025 12:14,13/03/2025 07:40,USOUSD,Buy,0.010,0.00000,0.00000,67.00000,67.56100,0.0000,0.0000,56.1,5.61,0.51,"",290433,02:19:25:14,,,,,,,,,,,,
,22242329,10/03/2025 12:14,13/03/2025 07:40,USOUSD,Buy,0.010,0.00000,0.00000,67.00000,67.56100,0.0000,0.0000,56.1,5.61,0.51,"",290433,02:19:25:14,,,,,,,,,,,,
,22242310,10/03/2025 12:14,13/03/2025 07:40,USOUSD,Buy,0.010,0.00000,0.00000,67.00000,67.56100,0.0000,0.0000,56.1,5.61,0.51,"",290433,02:19:25:15,,,,,,,,,,,,
,22242296,10/03/2025 12:14,13/03/2025 07:40,USOUSD,Buy,0.010,0.00000,0.00000,67.00000,67.56100,0.0000,0.0000,56.1,5.61,0.52,"",290433,02:19:25:15,,,,,,,,,,,,
,22242260,10/03/2025 12:14,13/03/2025 07:40,USOUSD,Buy,0.010,0.00000,0.00000,67.00000,67.56100,0.0000,0.0000,56.1,5.61,0.52,"",290433,02:19:25:15,,,,,,,,,,,,
,22242245,10/03/2025 12:14,13/03/2025 07:40,USOUSD,Buy,0.010,0.00000,0.00000,67.00000,67.56100,0.0000,0.0000,56.1,5.61,0.52,"",290433,02:19:25:15,,,,,,,,,,,,
,22242221,10/03/2025 12:14,13/03/2025 07:40,USOUSD,Buy,0.010,0.00000,0.00000,67.00000,67.56100,0.0000,0.0000,56.1,5.61,0.52,"",290433,02:19:25:15,,,,,,,,,,,,
,22242200,10/03/2025 12:14,13/03/2025 07:40,USOUSD,Buy,0.010,0.00000,0.00000,67.00000,67.56100,0.0000,0.0000,56.1,5.61,0.53,"",290433,02:19:25:15,,,,,,,,,,,,
,22242183,10/03/2025 12:14,13/03/2025 07:40,USOUSD,Buy,0.010,0.00000,0.00000,67.00000,67.56100,0.0000,0.0000,56.1,5.61,0.53,"",290433,02:19:25:15,,,,,,,,,,,,
,22242180,10/03/2025 12:14,13/03/2025 07:40,USOUSD,Buy,0.010,0.00000,0.00000,67.00000,67.56100,0.0000,0.0000,56.1,5.61,0.53,"",290433,02:19:25:15,,,,,,,,,,,,
,22242166,10/03/2025 12:14,13/03/2025 07:40,USOUSD,Buy,0.010,0.00000,0.00000,67.00000,67.56100,0.0000,0.0000,56.1,5.61,0.54,"",290433,02:19:25:16,,,,,,,,,,,,
,22242155,10/03/2025 12:14,13/03/2025 07:40,USOUSD,Buy,0.010,0.00000,0.00000,67.00000,67.56100,0.0000,0.0000,56.1,5.61,0.54,"",290433,02:19:25:16,,,,,,,,,,,,
,22242140,10/03/2025 12:14,13/03/2025 07:40,USOUSD,Buy,0.010,0.00000,0.00000,67.00000,67.56100,0.0000,0.0000,56.1,5.61,0.54,"",290433,02:19:25:16,,,,,,,,,,,,
,22242131,10/03/2025 12:14,13/03/2025 07:40,USOUSD,Buy,0.010,0.00000,0.00000,67.00000,67.56100,0.0000,0.0000,56.1,5.61,0.54,"",290433,02:19:25:16,,,,,,,,,,,,
,22242104,10/03/2025 12:14,13/03/2025 07:40,USOUSD,Buy,0.010,0.00000,0.00000,67.00000,67.56100,0.0000,0.0000,56.1,5.61,0.55,"",290433,02:19:25:16,,,,,,,,,,,,
,22242100,10/03/2025 12:14,13/03/2025 07:40,USOUSD,Buy,0.010,0.00000,0.00000,67.00000,67.56100,0.0000,0.0000,56.1,5.61,0.55,"",290433,02:19:25:16,,,,,,,,,,,,
,22605404,10/03/2025 21:46,11/03/2025 16:37,USOUSD,Buy,0.010,0.00000,0.00000,66.00000,66.96600,0.0000,0.0000,96.6,9.66,0.96,"",290433,00:18:50:36,,,,,,,,,,,,
,22400589,10/03/2025 16:37,10/03/2025 16:37,XAUUSD,Buy,0.010,0.00000,0.00000,2900.10000,2900.11000,0.0000,0.0000,1.0,0.01,0.00,"",0,00:00:00:21,,,,,,,,,,,,
,22229318,10/03/2025 12:02,10/03/2025 12:04,USOUSD,Buy,0.010,0.00000,0.00000,66.99500,67.05100,0.0000,0.0000,5.6,0.56,0.06,"",290433,00:00:01:42,,,,,,,,,,,,
,22229314,10/03/2025 12:02,10/03/2025 12:04,USOUSD,Buy,0.010,0.00000,0.00000,67.00000,67.05100,0.0000,0.0000,5.1,0.51,0.05,"",290433,00:00:01:42,,,,,,,,,,,,
,22229310,10/03/2025 12:02,10/03/2025 12:04,USOUSD,Buy,0.010,0.00000,0.00000,67.00000,67.05100,0.0000,0.0000,5.1,0.51,0.05,"",290433,00:00:01:43,,,,,,,,,,,,
,22229301,10/03/2025 12:02,10/03/2025 12:04,USOUSD,Buy,0.010,0.00000,0.00000,67.00000,67.05100,0.0000,0.0000,5.1,0.51,0.05,"",290433,00:00:01:43,,,,,,,,,,,,
,22229297,10/03/2025 12:02,10/03/2025 12:04,USOUSD,Buy,0.010,0.00000,0.00000,67.00000,67.05100,0.0000,0.0000,5.1,0.51,0.05,"",290433,00:00:01:43,,,,,,,,,,,,
,22229289,10/03/2025 12:02,10/03/2025 12:04,USOUSD,Buy,0.010,0.00000,0.00000,67.00000,67.05100,0.0000,0.0000,5.1,0.51,0.05,"",290433,00:00:01:43,,,,,,,,,,,,
,22229285,10/03/2025 12:02,10/03/2025 12:04,USOUSD,Buy,0.010,0.00000,0.00000,67.00000,67.05100,0.0000,0.0000,5.1,0.51,0.05,"",290433,00:00:01:43,,,,,,,,,,,,
,22229275,10/03/2025 12:02,10/03/2025 12:04,USOUSD,Buy,0.010,0.00000,0.00000,67.00000,67.05100,0.0000,0.0000,5.1,0.51,0.05,"",290433,00:00:01:43,,,,,,,,,,,,
,22229271,10/03/2025 12:02,10/03/2025 12:04,USOUSD,Buy,0.010,0.00000,0.00000,67.00000,67.05100,0.0000,0.0000,5.1,0.51,0.05,"",290433,00:00:01:43,,,,,,,,,,,,
,22229268,10/03/2025 12:02,10/03/2025 12:04,USOUSD,Buy,0.010,0.00000,0.00000,67.00000,67.05100,0.0000,0.0000,5.1,0.51,0.05,"",290433,00:00:01:44,,,,,,,,,,,,
,22229264,10/03/2025 12:02,10/03/2025 12:04,USOUSD,Buy,0.010,0.00000,0.00000,67.00000,67.05100,0.0000,0.0000,5.1,0.51,0.05,"",290433,00:00:01:44,,,,,,,,,,,,
,22229253,10/03/2025 12:02,10/03/2025 12:04,USOUSD,Buy,0.010,0.00000,0.00000,67.00000,67.05100,0.0000,0.0000,5.1,0.51,0.05,"",290433,00:00:01:44,,,,,,,,,,,,
,22229250,10/03/2025 12:02,10/03/2025 12:04,USOUSD,Buy,0.010,0.00000,0.00000,67.00000,67.05100,0.0000,0.0000,5.1,0.51,0.05,"",290433,00:00:01:44,,,,,,,,,,,,
,22229244,10/03/2025 12:02,10/03/2025 12:04,USOUSD,Buy,0.010,0.00000,0.00000,67.00000,67.05100,0.0000,0.0000,5.1,0.51,0.05,"",290433,00:00:01:44,,,,,,,,,,,,
,22229230,10/03/2025 12:02,10/03/2025 12:04,USOUSD,Buy,0.010,0.00000,0.00000,67.00000,67.05100,0.0000,0.0000,5.1,0.51,0.05,"",290433,00:00:01:44,,,,,,,,,,,,
,22229223,10/03/2025 12:02,10/03/2025 12:04,USOUSD,Buy,0.010,0.00000,0.00000,67.00000,67.05100,0.0000,0.0000,5.1,0.51,0.05,"",290433,00:00:01:44,,,,,,,,,,,,
,22229220,10/03/2025 12:02,10/03/2025 12:04,USOUSD,Buy,0.010,0.00000,0.00000,67.00000,67.05100,0.0000,0.0000,5.1,0.51,0.05,"",290433,00:00:01:44,,,,,,,,,,,,
,22229215,10/03/2025 12:02,10/03/2025 12:04,USOUSD,Buy,0.010,0.00000,0.00000,67.00000,67.05100,0.0000,0.0000,5.1,0.51,0.05,"",290433,00:00:01:45,,,,,,,,,,,,
,22229198,10/03/2025 12:02,10/03/2025 12:04,USOUSD,Buy,0.010,0.00000,0.00000,67.00000,67.05100,0.0000,0.0000,5.1,0.51,0.05,"",290433,00:00:01:45,,,,,,,,,,,,
,21379475,10/03/2025 11:52,,,Deposit,0.000,0.00000,0.00000,0.00000,0.00000,0.0000,0.0000,0.0,1000.00,0,"Transfer In from 1447393",0,00:00:00:00,,,,,,,,,,,,

